"inspection_id","dba_name","aka_name","license_","facility_type","risk","address","city","state","zip","inspection_date","inspection_type","results","latitude","longitude"
"52234","Cafe 608","Cafe 608","2013328","Restaurant","Risk 1 (High)","608 W BARRY AVE ","CHICAGO","IL","60657","2010-01-04T00:00:00.000","License Re-Inspection","Pass","41.938006880423615","-87.6447545707008"
"67732","WOLCOTT'S","TROQUET","1992039","Restaurant","Risk 1 (High)","1834 W MONTROSE AVE ","CHICAGO","IL","60613","2010-01-04T00:00:00.000","License Re-Inspection","Pass","41.961605669949854","-87.67596676683779"
"67733","WOLCOTT'S","TROQUET","1992040","Restaurant","Risk 1 (High)","1834 W MONTROSE AVE ","CHICAGO","IL","60613","2010-01-04T00:00:00.000","License Re-Inspection","Pass","41.961605669949854","-87.67596676683779"
"67738","MICHAEL'S ON MAIN CAFE","MICHAEL'S ON MAIN CAFE","2008948","Restaurant","Risk 1 (High)","8750 W BRYN WAWR AVE ","CHICAGO","IL","60631","2010-01-04T00:00:00.000","License","Fail",,
"67757","DUNKIN DONUTS/BASKIN-ROBBINS","DUNKIN DONUTS/BASKIN-ROBBINS","1380279","Restaurant","Risk 2 (Medium)","100 W RANDOLPH ST ","CHICAGO","IL","60601","2010-01-04T00:00:00.000","Tag Removal","Pass","41.88458626715456","-87.63101044588599"
"70269","mr.daniel's","mr.daniel's","1899292","Restaurant","Risk 1 (High)","5645 W BELMONT AVE ","CHICAGO","IL","60634","2010-01-04T00:00:00.000","License Re-Inspection","Pass","41.93844282365204","-87.76831838068422"
"104236","TEMPO CAFE","TEMPO CAFE","80916","Restaurant","Risk 1 (High)","6 E CHESTNUT ST ","CHICAGO","IL","60611","2010-01-04T00:00:00.000","Canvass","Fail","41.89843137207629","-87.6280091630558"
"44247","EAT A PITA","EAT A PITA","1222441","Restaurant","Risk 1 (High)","3155 N HALSTED ST","CHICAGO","IL","60657","2010-01-05T00:00:00.000","Complaint","Pass","41.93944115701468","-87.64910277148812"
"54212","DONS PIZZA & GRILL","DONS PIZZA & GRILL","1992130","Restaurant","Risk 1 (High)","5915 W DIVISION ST ","CHICAGO","IL","60651","2010-01-05T00:00:00.000","Complaint","Pass","41.90191358699433","-87.77363179265902"
"54213","SUNSET LIQUORS","SUNSET LIQUORS","13541","Grocery Store","Risk 3 (Low)","5921 W DIVISION ST ","CHICAGO","IL","60651","2010-01-05T00:00:00.000","Canvass","Pass","41.90190966343413","-87.77390476810488"
"58225","WHOLE FOODS MARKET","WHOLE FOODS MARKET","1933690","Grocery Store","Risk 1 (High)","1550 N KINGSBURY ST ","CHICAGO","IL","60642","2010-01-05T00:00:00.000","Complaint","Pass","41.90939878780941","-87.65305069789407"
"58226","KIKKA- KINGSBURY","KIKKA- KINGSBURY","1968898","Restaurant","Risk 1 (High)","1550 N KINGSBURY ST ","CHICAGO","IL","60642","2010-01-05T00:00:00.000","Canvass","Pass","41.90939878780941","-87.65305069789407"
"60242","JEWEL FOOD STORE #3170","JEWEL / OSCO","1366","Grocery Store","Risk 1 (High)","5320 S PULASKI RD ","CHICAGO","IL","60632","2010-01-05T00:00:00.000","Canvass","Pass","41.796197591415535","-87.72339188344549"
"60243","ANGELO'S STUFFED PIZZA CORP","ANGELO'S STUFFED PIZZA","1045634","Restaurant","Risk 1 (High)","4850 S PULASKI RD ","CHICAGO","IL","60632","2010-01-05T00:00:00.000","Canvass","Pass","41.80452511221081","-87.72363360473794"
"60244","ZARAGOZA RESTAURANT","ZARAGOZA RESTAURANT","1904141","Restaurant","Risk 1 (High)","4852 S PULASKI RD ","CHICAGO","IL","60632","2010-01-05T00:00:00.000","Canvass","Pass","41.80446825925762","-87.72363270043019"
"67736","MONTICELLO FOOD MART, INC","MONTICELLO FOOD MART, INC","2013259","Grocery Store","Risk 2 (Medium)","1000 N MONTICELLO AVE ","CHICAGO","IL","60651","2010-01-05T00:00:00.000","License","Fail","41.89918622853627","-87.71780427165159"
"67739","EL TACONAZO RESTAURANT","EL TACONAZO RESTAURANT","1964480","Restaurant","Risk 1 (High)","5849 S KEDZIE AVE ","CHICAGO","IL","60629","2010-01-05T00:00:00.000","Short Form Complaint","Pass","41.786622957358595","-87.70321119979786"
"67741","CITGO","CITGO","2013296","Grocery Store","Risk 2 (Medium)","11500 S Halsted ST ","CHICAGO","IL","60628","2010-01-05T00:00:00.000","License","Fail","41.68502625630698","-87.64229736696258"
"67743","EL MILAGRO","EL MILAGRO","43519","Restaurant","Risk 1 (High)","3050-3052 W 26TH ST ","CHICAGO","IL","60623","2010-01-05T00:00:00.000","Canvass","Pass","41.844686619118384","-87.70218762267689"
"67744","GOLDEN CROWN RESTAURANT","GOLDEN CROWN RESTAURANT","2013539","Restaurant","Risk 1 (High)","2341 N NARRAGANSETT AVE","CHICAGO","IL","60639","2010-01-05T00:00:00.000","License","Fail","41.923097678207924","-87.78527865943148"
"67746","NOAH FOOD GROUP, INC","NOAH FOOD GROUP, INC","1980401","Grocery Store","Risk 3 (Low)","4959 W AUGUSTA BLVD ","CHICAGO","IL","60651","2010-01-05T00:00:00.000","Complaint","Pass w/ Conditions","41.898523624477036","-87.75066658623363"
"67747","EL MILAGRO","EL MILAGRO","43513","Grocery Store","Risk 2 (Medium)","3048 W 26TH ST ","CHICAGO","IL","60623","2010-01-05T00:00:00.000","Complaint","Pass","41.84468732736255","-87.70210293602436"
"67748","LITTLE LEARNING ACADEMY","LITTLE LEARNING ACADEMY","1974787","Daycare (2 - 6 Years)","Risk 1 (High)","7039 S WENTWORTH ST ","CHICAGO","IL","60621","2010-01-05T00:00:00.000","License","Fail","41.76609247175032","-87.62964151748226"
"67749","COCHIAROS PIZZA #2","COCHIAROS PIZZA #2","1044752","Restaurant","Risk 1 (High)","4741 W FULLERTON AVE ","CHICAGO","IL","60639","2010-01-05T00:00:00.000","Complaint","Pass","41.92414063497689","-87.74552933864975"
"67753","WABASH PANTRY","WABASH PANTRY","2008633","Grocery Store","Risk 3 (Low)","203 N WABASH AVE ","CHICAGO","IL","60601","2010-01-05T00:00:00.000","License Re-Inspection","Pass","41.885828292802344","-87.62613826248786"
"67754","ABE'S IN & OUT","ABE'S IN & OUT","1948539","Grocery Store","Risk 2 (Medium)","3661 W OGDEN AVE ","CHICAGO","IL","60623","2010-01-05T00:00:00.000","Complaint","Pass","41.85357266001331","-87.71725428906686"
"67756","LAGNIAPPE-A CREOLE CAJUN JOYNT","LAGNIAPPE-A CREOLE CAJUN JOYNT","1986108","RIVERWALK CAFE","Risk 2 (Medium)","55 W RIVERWALK SOUTH ","CHICAGO","IL","60601","2010-01-05T00:00:00.000","License Re-Inspection","Fail","41.88695199839048","-87.62987459293426"
"67758","SU TAQUERIA EL GALLO BRAVO #4","SU TAQUERIA EL GALLO BRAVO #4","1766968","Restaurant","Risk 1 (High)","5650 W GRAND AVE ","CHICAGO","IL","60639","2010-01-05T00:00:00.000","Complaint","Fail","41.91922446447527","-87.76773430251839"
"67759","FINLEY MAHONY'S","FINLEY MAHONY'S","1801271","Restaurant","Risk 1 (High)","3701 N BROADWAY","CHICAGO","IL","60613","2010-01-05T00:00:00.000","Canvass","Pass w/ Conditions","41.94924954780584","-87.64825980109582"
"67760","MC INTOSH'S","MC INTOSH'S","1648623",,"Risk 1 (High)","748 W 61ST ST ","CHICAGO","IL","60621","2010-01-05T00:00:00.000","Out of Business","Fail","41.783502980089736","-87.64438637632864"
"67848","SAFAH FOOD & LIQUOR INC","SAFAH FOOD & LIQUOR INC","14103","Grocery Store","Risk 3 (Low)","7105 S RACINE AVE","CHICAGO","IL","60636","2010-01-05T00:00:00.000","Canvass Re-Inspection","Pass","41.76489640024705","-87.65396483351302"
"68250","Tots Express Learning Center",,"2002536","Daycare (2 - 6 Years)","Risk 1 (High)","1705-07 E 87th ST FL ","CHICAGO","IL","60617","2010-01-05T00:00:00.000","License Re-Inspection","Pass","41.736848843624756","-87.5824879378845"
"68251","CVS PHARMACY #2935","CVS PHARMACY #2935","1998048","Grocery Store","Risk 3 (Low)","8712 S STONY ISLAND AVE ","CHICAGO","IL","60617","2010-01-05T00:00:00.000","License Re-Inspection","Pass","41.736481612062526","-87.58578401346767"
"68252","LEONAS","LEONAS","1491933","Restaurant","Risk 1 (High)","9156 S STONY ISLAND AVE ","CHICAGO","IL","60617","2010-01-05T00:00:00.000","Short Form Complaint","Pass","41.72795237840198","-87.58558036137349"
"70271","REGGIO'S PIZZA EXPRESS","REGGIO'S PIZZA EXPRESS (T3-HK FOOD COURT)","1120626","Restaurant","Risk 1 (High)","11601 W TOUHY AVE ","CHICAGO","IL","60666","2010-01-05T00:00:00.000","Suspected Food Poisoning","Pass","42.00875076599798","-87.90687413400109"
"70272","THE DOGHOUSE","THE DOGHOUSE","1681450",,"Risk 1 (High)","11601 W TOUHY AVE ","CHICAGO","IL","60666","2010-01-05T00:00:00.000","Out of Business","Pass","42.00875076599798","-87.90687413400109"
"70273","THE GREAT AMERICAN BAGEL","THE GREAT AMERICAN BAGEL (T3-H10)","1879164","Restaurant","Risk 1 (High)","11601 W TOUHY AVE ","CHICAGO","IL","60666","2010-01-05T00:00:00.000","Canvass","Fail","42.00875076599798","-87.90687413400109"
"74256","ACE'S SOUL FOOD CAFE, INC.","ACE'S SOUL FOOD CAFE, INC.","1904903","Restaurant","Risk 1 (High)","432 E 63RD ST ","CHICAGO","IL","60637","2010-01-05T00:00:00.000","Short Form Complaint","Pass","41.78037142154735","-87.61435452532793"
"74257","WALGREENS #1417","WALGREENS #1417","18584","Grocery Store","Risk 3 (Low)","1931 W CERMAK RD ","CHICAGO","IL","60608","2010-01-05T00:00:00.000","Complaint","Pass","41.852083695533146","-87.67465101573735"
"74258","MAKIA FOOD","MAKIA FOOD","2009488",,"Risk 3 (Low)","2458 S CALIFORNIA AVE ","CHICAGO","IL","60608","2010-01-05T00:00:00.000","License Re-Inspection","Pass","41.84651642859939","-87.69542345938576"
"78238","REBECCA K. CROWN CHLD. DEV. CT","REBECCA K. CROWN CHLD. DEV. CT","25814","Daycare Above and Under 2 Years","Risk 1 (High)","7601 S PHILLIPS AVE ","CHICAGO","IL","60649","2010-01-05T00:00:00.000","License","Pass","41.757098777020786","-87.5649784656571"
"78239","Yahs Cuisine",,"2004254","Restaurant","Risk 1 (High)","2347 E 75TH ST ","CHICAGO","IL","60649","2010-01-05T00:00:00.000","License Re-Inspection","Fail","41.75887155280274","-87.56693763454342"
"78240","OBAMA FOOD MART",,"2004238","Grocery Store","Risk 3 (Low)","1800 E 79TH ST ","CHICAGO","IL","60649","2010-01-05T00:00:00.000","License","Fail","41.75165523778611","-87.58082842408824"
"80207","Delhi Darbar Kabob House","Delhi Darbar Kabob House","2013590","Restaurant","Risk 1 (High)","3010 W Devon AVE","CHICAGO","IL","60659","2010-01-05T00:00:00.000","License","Fail","41.99757606083328","-87.70500110804562"
"80208","Dunkin Donuts","Dunkin Donuts","2013340","Restaurant","Risk 1 (High)","2800 W Lawrence AVE BLDG","CHICAGO","IL","60625","2010-01-05T00:00:00.000","License","Fail","41.96864140759437","-87.6987246165967"
"96246","THE LEARNING TREE II","THE LEARNING TREE II","1869843","Daycare Above and Under 2 Years","Risk 1 (High)","8233 S PULASKI RD ","CHICAGO","IL","60652","2010-01-05T00:00:00.000","License","Pass","41.74299303153854","-87.72155821260196"
"98313","WHIPPLE STORE","WHIPPLE STORE","2009114","Grocery Store","Risk 3 (Low)","4301 N WHIPPLE ST ","CHICAGO","IL","60618","2010-01-05T00:00:00.000","License","Fail","41.95948879539263","-87.7043798812887"
"98314","THRESHOLD SCHOOL","THRESHOLD SCHOOL","2076658","School","Risk 1 (High)","4219 N LINCOLN AVE ","CHICAGO","IL","60618","2010-01-05T00:00:00.000","Canvass","Pass","41.95838817038278","-87.68155929632958"
"98315","3811 PIRAMID INC","BORINQUEN LOUNGE","71458","Restaurant","Risk 1 (High)","3811 N WESTERN AVE ","CHICAGO","IL","60618","2010-01-05T00:00:00.000","Suspected Food Poisoning","Pass","41.95071668512338","-87.68822442221024"
"114254","State Street Pizza Company","State Street Pizza Company","2009348","Restaurant","Risk 1 (High)","400 N STATE ST ","CHICAGO","IL","60654","2010-01-05T00:00:00.000","License Re-Inspection","Pass","41.88931871105875","-87.62815266789968"
"114255","EINSTEIN BROS. BAGELS #3505","EINSTEIN BROS BAGELS","1904661","Restaurant","Risk 1 (High)","400 N DEARBORN ST","CHICAGO","IL","60610","2010-01-05T00:00:00.000","Complaint","Pass","41.88926952817214","-87.62973533104446"
"114256","STARBUCKS COFFEE #13710","STARBUCKS","1843207","Restaurant","Risk 2 (Medium)","30 W ERIE ST ","CHICAGO","IL","60654","2010-01-05T00:00:00.000","Canvass","Pass","41.89416541426283","-87.62938902777785"
"114257","SULLIVAN'S STEAKHOUSE","SULLIVAN'S STEAKHOUSE","68917","Restaurant","Risk 1 (High)","415 N DEARBORN ST","CHICAGO","IL","60654","2010-01-05T00:00:00.000","Canvass","Pass","41.88978308717147","-87.62945360013103"
"118296","FAIRPLAY FINER FOOD","FAIRPLAY FINER FOOD","10940","Grocery Store","Risk 1 (High)","2200 S WESTERN AVE ","CHICAGO","IL","60608","2010-01-05T00:00:00.000","Complaint","Pass","41.85198383957328","-87.68578570420526"
"118297","MAXWELL STREET DEPOT INC.","MAXWELL STREET DEPOT INC.","18135","Restaurant","Risk 2 (Medium)","411 W 31ST ST ","CHICAGO","IL","60616","2010-01-05T00:00:00.000","Complaint","Fail","41.838059998694526","-87.63665958710676"
"118298","FERRO'S","FERRO'S","12342","Restaurant","Risk 1 (High)","200 W 31ST ST ","CHICAGO","IL","60616","2010-01-05T00:00:00.000","Complaint","Pass","41.838345000206886","-87.63174087271551"
"120270","7-ELEVEN #32889B","7-ELEVEN","1766212","Grocery Store","Risk 2 (Medium)","48 N WELLS ST ","CHICAGO","IL","60606","2010-01-05T00:00:00.000","Complaint","Pass","41.883131775767836","-87.63400723959279"
"120271","IZUMI SUSHI BAR & RESTAURANT","IZUMI SUSHI BAR & RESTAURANT","1357260","Restaurant","Risk 1 (High)","731 W RANDOLPH ST ","CHICAGO","IL","60661","2010-01-05T00:00:00.000","Complaint","Fail","41.884300945480696","-87.64695273829979"
"120272","BLUE PLATE CATERING LTD.","BLUE PLATE CATERING LTD.","36436","Catering","Risk 1 (High)","1061 W VAN BUREN ST ","CHICAGO","IL","60607","2010-01-05T00:00:00.000","Consultation","Pass","41.87645614541188","-87.65429579519606"
"124256","FERNANDO'S MEXICAN GRILL & PIZZA","FERNANDO'S MEXICAN GRILL & PIZZA","1915768","Restaurant","Risk 1 (High)","7148 N HARLEM AVE ","CHICAGO","IL","60631","2010-01-05T00:00:00.000","Canvass","Pass","42.011357386595954","-87.80678841267961"
"124257","LIDO, INC.","LIDO BANQUETS","17145","Restaurant","Risk 1 (High)","5504 N MILWAUKEE AVE ","CHICAGO","IL","60630","2010-01-05T00:00:00.000","Canvass","Pass","41.98174513647886","-87.7734651611067"
"134237","FUNSTON  ELEMENTARY  SCHOOL","FUNSTON ELEMENTARY SCH. MAIN BUILDING","2112648","School","Risk 1 (High)","2010 N CENTRAL  PARK AVE BLDG ","CHICAGO","IL","60647","2010-01-05T00:00:00.000","Canvass","Pass","41.91762127382847","-87.71692852023781"
"134238","FUNSTON ANNEX ELEM. SCHOOL","FUNSTON (ANNEX) ELEM. SCHOOL","1964634","School","Risk 1 (High)","3616 W ARMITAGE AVE ","CHICAGO","IL","60647","2010-01-05T00:00:00.000","Canvass","Pass","41.91738381273884","-87.71746411595915"
"134239","BORNIQUEN RESTAURANT","BORNIQUEN RESTAURANT","32942","Restaurant","Risk 1 (High)","1720 N CALIFORNIA AVE","CHICAGO","IL","60647","2010-01-05T00:00:00.000","Complaint","Fail","41.912691923355744","-87.69720455176802"
"154218","ROBINSON'S RIBS","ROBINSON'S RIBS","45998","Restaurant","Risk 1 (High)","655 W ARMITAGE AVE ","CHICAGO","IL","60614","2010-01-05T00:00:00.000","Canvass","Pass","41.91810807444473","-87.6458831775194"
"154219","SEDGWICK'S","SEDGWICK'S","30486","Restaurant","Risk 1 (High)","1935 N SEDGWICK ST ","CHICAGO","IL","60614","2010-01-05T00:00:00.000","Canvass","Pass","41.91755928707187","-87.63864526243658"
"158242","SOUTH SIDE FUEL CTR/DUNKIN DOUGHNUTS","SOUTH SIDE FUEL CTR/DUNKIN DOUGHNUTS","66827","GAS STATION/RESTAURANT","Risk 2 (Medium)","970 W PERSHING RD ","CHICAGO","IL","60609","2010-01-05T00:00:00.000","Canvass","Pass w/ Conditions","41.82350359266238","-87.65066637652201"
"158243","DUNKIN DONUTS",,"2013344","Restaurant","Risk 2 (Medium)","970 W PERSHING RD ","CHICAGO","IL","60609","2010-01-05T00:00:00.000","License","Fail","41.82350359266238","-87.65066637652201"
"158244","PARK PACKING OF CHICAGO, INC","PARK PACKING","2008956","Grocery Store","Risk 2 (Medium)","1544 W 41ST ST ","CHICAGO","IL","60609","2010-01-05T00:00:00.000","License Re-Inspection","Pass","41.819159444267484","-87.66423535543835"
"160206","PAKEEZA","PAKEEZA","1991022","Restaurant","Risk 1 (High)","1009-1011 N ORLEANS ST ","CHICAGO","IL","60610","2010-01-05T00:00:00.000","License Re-Inspection","Pass","41.900827710854195","-87.63718892231834"
"160207","LOVEBUGS, TODDLER PROGRAMS AND PRESCHOOL, LLC","LOVEBUGS, TODDLER PROGRAMS AND PRESCHOOL, LLC","1916128","Daycare (2 - 6 Years)","Risk 1 (High)","1327 N LARRABEE ST ","CHICAGO","IL","60610","2010-01-05T00:00:00.000","License","Pass","41.90586605268696","-87.6431361964551"
"160208","LOVEBUGS, TODDLER PROGRAMS AND PRESCHOOL, LLC","LOVEBUGS, TODDLER PROGRAMS AND PRESCHOOL, LLC","1820997",,"Risk 1 (High)","1327 N LARRABEE ST ","CHICAGO","IL","60610","2010-01-05T00:00:00.000","Out of Business","Pass","41.90586605268696","-87.6431361964551"
"160209","CHICAGO SINAI CONGREGATION","CHICAGO SINAI CONGREGATION","75567","Daycare (2 - 6 Years)","Risk 1 (High)","15 W DELAWARE PL ","CHICAGO","IL","60610","2010-01-05T00:00:00.000","License","Fail","41.899021699577446","-87.62892425348232"
"160210","ST CHRYSOSTOM'S CHURCH DAY SCHOOL","ST CHRYSOSTOM'S CHURCH DAY SCHOOL","20575","Daycare (2 - 6 Years)","Risk 1 (High)","1424 N DEARBORN ST ","CHICAGO","IL","60610","2010-01-05T00:00:00.000","License","Fail","41.90854430698586","-87.6302719697274"
"164252","SUPER DOG'S SUBMARINES INC","SUPER DOG'S SUBMARINES INC","2008759","Restaurant","Risk 2 (Medium)","1442 W 103RD ST","CHICAGO","IL","60643","2010-01-05T00:00:00.000","License","Fail","41.70685163282266","-87.65894640986417"
"164254","POPEYES CHICKEN","POPEYES CHICKEN","1798522","Restaurant","Risk 1 (High)","7250 S WESTERN AVE ","CHICAGO","IL","60636","2010-01-05T00:00:00.000","Short Form Complaint","Pass","41.761368557146056","-87.68329737623583"
"164255","RAINBOW GROCERY","RAINBOW GROCERY","61801","Grocery Store","Risk 3 (Low)","2003 W 69TH ST ","CHICAGO","IL","60636","2010-01-05T00:00:00.000","Canvass Re-Inspection","Pass","41.76832833480071","-87.67381938402684"
"164256","SAFAH FOOD & LIQUOR INC","SAFAH FOOD & LIQUOR INC","14103","Grocery Store","Risk 3 (Low)","7105 S RACINE AVE","CHICAGO","IL","60636","2010-01-05T00:00:00.000","Canvass Re-Inspection","Pass","41.76489640024705","-87.65396483351302"
"54214","DUNKIN DONUTS / BASKIN ROBBINS","DUNKIN DONUTS / BASKIN ROBBINS","1649847","Restaurant","Risk 2 (Medium)","800 N KEDZIE AVE ","CHICAGO","IL","60651","2010-01-06T00:00:00.000","Canvass","Pass w/ Conditions","41.89561531354531","-87.70670532510552"
"54215","J & J FISH","J & J FISH","1194275","Restaurant","Risk 2 (Medium)","800 N KEDZIE AVE ","CHICAGO","IL","60651","2010-01-06T00:00:00.000","Complaint","Pass","41.89561531354531","-87.70670532510552"
"54216","BLUE SHARKS","BLUE SHARKS","1974637","Restaurant","Risk 2 (Medium)","3450 W CHICAGO AVE ","CHICAGO","IL","60651","2010-01-06T00:00:00.000","Complaint","Pass w/ Conditions","41.89559733446603","-87.71344866525071"
"58227","DUNKIN DONUTS","DUNKIN DONUTS","2013341","Restaurant","Risk 2 (Medium)","2805 W DIVISION ST ","CHICAGO","IL","60622","2010-01-06T00:00:00.000","License Re-Inspection","Pass","41.90281332978524","-87.69712881362462"
"58228","PODHALANKA RESTAURANT","PODHALANKA RESTAURANT","10559","Restaurant","Risk 1 (High)","1549 W DIVISION ST","CHICAGO","IL","60642","2010-01-06T00:00:00.000","Canvass","Fail","41.90324286545451","-87.66706204782344"
"58229","FILTER COFFEE LOUNGE","FILTER","2013495","Restaurant","Risk 1 (High)","1373 N MILWAUKEE AVE ","CHICAGO","IL","60622","2010-01-06T00:00:00.000","Consultation","Fail","41.90686820755232","-87.67174891786233"
"58230","CHICAGO CAFE CATERERS","CHICAGO CAFE CATERERS","1932046","Catering","Risk 1 (High)","1629 W GRAND AVE ","CHICAGO","IL","60622","2010-01-06T00:00:00.000","Canvass","Pass","41.89085551482435","-87.66830289784055"
"58231","DeLux Bar & Grill","DeLux Bar & Grill","1332477","Restaurant","Risk 1 (High)","669 N MILWAUKEE AVE ","CHICAGO","IL","60642","2010-01-06T00:00:00.000","Canvass","Pass","41.89383440427957","-87.6514628691263"
"60245","STAR GYROS","STAR GYROS","50600","Restaurant","Risk 1 (High)","3400 W ROOSEVELT RD ","CHICAGO","IL","60624","2010-01-06T00:00:00.000","Complaint","Pass","41.866457268921884","-87.71066733173923"
"60246","HOOK FISH & CHICKEN ON MADISON, INC.","HOOK FISH & CHICKEN ON MADISON, INC.","1868125","Restaurant","Risk 2 (Medium)","3952 W MONROE ST ","CHICAGO","IL","60624","2010-01-06T00:00:00.000","Complaint","Fail","41.8798749138472","-87.7252903599048"
"60247","Metropolitan Primary Academy",,"1878468","School","Risk 1 (High)","4540 W Washington BLVD ","CHICAGO","IL","60624","2010-01-06T00:00:00.000","Tag Removal","Pass","41.88199038225182","-87.73964834803952"
"60248","BOOM FRIED RICE","BOOM FRIED RICE","6698","Restaurant","Risk 1 (High)","356 S PULASKI RD ","CHICAGO","IL","60624","2010-01-06T00:00:00.000","Canvass","Fail","41.87537501581776","-87.72563428263534"
"67761","GARFIELD SHELL","GARFIELD SHELL","55267","Grocery Store","Risk 2 (Medium)","801 W 55TH BLVD ","CHICAGO","IL","60621","2010-01-06T00:00:00.000","Complaint Re-Inspection","Pass","41.79383347430859","-87.64520727494734"
"67762","DANNYS TACOS #2","DANNYS TACOS #2","1998643","Restaurant","Risk 1 (High)","9220 S COTTAGE GROVE ST BLDG ","CHICAGO","IL","60619","2010-01-06T00:00:00.000","License Re-Inspection","Fail","41.72685341729835","-87.60473617035775"
"67763","SAN MIGUEL BAKERY INC.","SAN MIGUEL BAKERY INC.","1381258","Bakery","Risk 2 (Medium)","1607 W MONTROSE AVE ","CHICAGO","IL","60613","2010-01-06T00:00:00.000","Canvass","Fail","41.961477015001726","-87.66957102980291"
"67764","DONA TORTA","DONA TORTA","1354422","Restaurant","Risk 1 (High)","3057 N ASHLAND AVE ","CHICAGO","IL","60657","2010-01-06T00:00:00.000","Canvass","Pass w/ Conditions","41.937758881866735","-87.66844527293962"
"67765","ZAVALA'S GROCERY STORE INC","ZAVALA'S GROCERY STORE INC","1044988","Grocery Store","Risk 1 (High)","2657 S KOLIN AVE ","CHICAGO","IL","60623","2010-01-06T00:00:00.000","Canvass","Pass","41.84242345697442","-87.73287256769933"
"67767","ARMITAGE PRODUCE INC","ARMITAGE PRODUCE","1771323","Grocery Store","Risk 1 (High)","2007 N KIMBALL AVE ","CHICAGO","IL","60647","2010-01-06T00:00:00.000","Complaint Re-Inspection","Pass","41.91756241889966","-87.7117551086784"
"67768","MCDONALD'S #490","MCDONALD'S #490","81721","Restaurant","Risk 2 (Medium)","10320 S KEDZIE AVE ","CHICAGO","IL","60655","2010-01-06T00:00:00.000","Short Form Complaint","Fail","41.70552029655878","-87.70145804220182"
"67769","MCDONALDS #5471","MCDONALD'S","54687","Restaurant","Risk 2 (Medium)","4338 W NORTH AVE","CHICAGO","IL","60639","2010-01-06T00:00:00.000","Complaint","Pass","41.90988086805636","-87.73515820036943"
"67770","WE 8 INCORPORATED","CITGO","1598242","Grocery Store","Risk 3 (Low)","210 W 103RD ST ","CHICAGO","IL","60628","2010-01-06T00:00:00.000","Short Form Complaint","Pass","41.707206116169495","-87.62881500236827"
"67771","PHILLY'S BEST","PHILLY'S BEST","1520673","Restaurant","Risk 1 (High)","907 W BELMONT AVE ","CHICAGO","IL","60657","2010-01-06T00:00:00.000","Canvass","Fail","41.939834292931025","-87.6518824218835"
"67772","DuBois","DuBois","26601","School","Risk 1 (High)","330 E 133rd  (13300S) ST ","CHICAGO","IL","60827","2010-01-06T00:00:00.000","Canvass","Pass","41.65376037450995","-87.61434155910457"
"67773","LOS SAUCES TAQUERIA","LOS SAUCES TAQUERIA","1914003","Restaurant","Risk 1 (High)","2700 S TRUMBULL AVE ","CHICAGO","IL","60623","2010-01-06T00:00:00.000","Complaint","Pass w/ Conditions","41.84251234796448","-87.71122481384815"
"67774","CHURCH'S CHICKEN # 1414","CHURCH'S CHICKEN","1273251","Restaurant","Risk 2 (Medium)","4812 W NORTH AVE","CHICAGO","IL","60639","2010-01-06T00:00:00.000","Complaint","Pass","41.909728821309805","-87.74663995182914"
"67775","BAMBOO GARDEN RESTAURANT","BAMBOO GARDEN","1741769","Restaurant","Risk 1 (High)","3203 N CLARK ST ","CHICAGO","IL","60657","2010-01-06T00:00:00.000","Canvass","Pass","41.94015622939006","-87.65067300995842"
"67776","WENDY'S","WENDY'S","1145749","Restaurant","Risk 2 (Medium)","7 E 111TH ST ","CHICAGO","IL","60628","2010-01-06T00:00:00.000","Short Form Complaint","Pass","41.692476323226515","-87.62284191735947"
"67777","UNCOMMON GROUND","UNCOMMON GROUND","1491426","Restaurant","Risk 1 (High)","3800 N CLARK ST","CHICAGO","IL","60613","2010-01-06T00:00:00.000","Complaint","Fail","41.951064053085005","-87.65979512802838"
"67778","LOS ARCOS PIZZERIA","LOS ARCOS PIZZERIA","2004575","Restaurant","Risk 1 (High)","6102 W DIVERSEY AVE ","CHICAGO","IL","60639","2010-01-06T00:00:00.000","License Re-Inspection","Pass","41.93121276602796","-87.77853673674818"
"67780","DOMINO'S PIZZA","DOMINO'S PIZZA","36834","Restaurant","Risk 2 (Medium)","4039 W 26TH ST ","CHICAGO","IL","60623","2010-01-06T00:00:00.000","Canvass","Pass","41.84412236458153","-87.72602913672753"
"67781","POTBELLY SANDWICH WORKS","POTBELLY SANDWICH WORKS","1841496","Restaurant","Risk 1 (High)","924 W BELMONT AVE ","CHICAGO","IL","60657","2010-01-06T00:00:00.000","Canvass","Pass","41.94004450704706","-87.65253926108572"
"67782","SUBWAY","SUBWAY","1841435","Restaurant","Risk 1 (High)","11629 S HALSTED ST ","CHICAGO","IL","60628","2010-01-06T00:00:00.000","Complaint","Pass","41.683002486274","-87.64193645288934"
"67783","STEVE'S LOUNGE","STEVE'S LOUNGE","833","Restaurant","Risk 1 (High)","13200 S BALTIMORE AVE ","CHICAGO","IL","60633","2010-01-06T00:00:00.000","Complaint","Pass","41.655416650555715","-87.54729079495272"
"67784","SURF & TURF WHERE SEAFOOD & STEAK MEET, INC.","SURF & TURF WHERE SEAFOOD & STEAK MEET, INC.","1869406","Restaurant","Risk 1 (High)","13205 S MUSKEGON AVE ","CHICAGO","IL","60633","2010-01-06T00:00:00.000","Out of Business","Fail","41.65535108240333","-87.55428020662902"
"68253","AVY'S PIZZA","AVY'S PIZZA","2013312","Restaurant","Risk 2 (Medium)","9917 S EWING AVE ","CHICAGO","IL","60617","2010-01-06T00:00:00.000","License","Fail","41.71524399093076","-87.53513029319586"
"68254","Eastside Soccer Dome, Inc.",,"2009231","Restaurant","Risk 2 (Medium)","11919 S Avenue O AVE FL ","CHICAGO","IL","60617","2010-01-06T00:00:00.000","License","Fail","41.67851714188012","-87.53989365304756"
"70274","CIBO EXPRESS GOURMET MARKET #2","CIBO EXPRESS GOURMET MARKET #2 T2 Vendor Checkpoin","1899202","Grocery Store","Risk 3 (Low)","11601 W TOUHY AVE ","CHICAGO","IL","60666","2010-01-06T00:00:00.000","Canvass","Pass","42.00875076599798","-87.90687413400109"
"70275","THE GREAT AMERICAN BAGEL","THE GREAT AMERICAN BAGEL","1488510","Restaurant","Risk 1 (High)","11601 W TOUHY AVE ","CHICAGO","IL","60666","2010-01-06T00:00:00.000","Out of Business","Pass","42.00875076599798","-87.90687413400109"
"70276","THE GREAT AMERICAN BAGEL","THE GREAT AMERICAN BAGEL (T3-H10)","1879164","Restaurant","Risk 1 (High)","11601 W TOUHY AVE ","CHICAGO","IL","60666","2010-01-06T00:00:00.000","Canvass Re-Inspection","Pass","42.00875076599798","-87.90687413400109"
"74259","OBAMA FOOD MART",,"2004238","Grocery Store","Risk 3 (Low)","1800 E 79TH ST BLDG ","CHICAGO","IL","60649","2010-01-06T00:00:00.000","License","Fail","41.75165523778611","-87.58082842408824"
"74260","CHURCH'S CHICKEN # 478","CHURCH'S CHICKEN # 478","1273259","Restaurant","Risk 2 (Medium)","101 E 35TH ST ","CHICAGO","IL","60616","2010-01-06T00:00:00.000","Short Form Complaint","Pass","41.830934920212684","-87.6231801583482"
"74261","CHICAGO STEAKHOUSE","CHICAGO STEAKHOUSE","1954381","Restaurant","Risk 2 (Medium)","219 E 47TH ST ","CHICAGO","IL","60653","2010-01-06T00:00:00.000","Complaint","Fail","41.809213860173834","-87.62030817634384"
"78241","McDONALDS","McDONALDS","1519152","Restaurant","Risk 2 (Medium)","6355 S DR MARTIN LUTHER KING JR DR ","CHICAGO","IL","60637","2010-01-06T00:00:00.000","Complaint","Pass","41.77859718342359","-87.61544138794639"
"78242","FRESH PANTRY","FRESH PANTRY","1892593","Grocery Store","Risk 2 (Medium)","7337 S SOUTH SHORE DR ","CHICAGO","IL","60649","2010-01-06T00:00:00.000","Complaint","Pass","41.76323502386814","-87.55961668246357"
"78243","69th Grocery Store","69TH GROCERY STORE","2009322","Grocery Store","Risk 3 (Low)","331 E 69th ST ","CHICAGO","IL","60637","2010-01-06T00:00:00.000","License","Fail","41.76919446316037","-87.61723833780505"
"80209","TACO CHINO","TACO CHINO","2013478","Restaurant","Risk 1 (High)","4712 N KIMBALL AVE ","CHICAGO","IL","60625","2010-01-06T00:00:00.000","License","Fail","41.967009871578234","-87.71346842185804"
"80210","S L PANTRY & GRILL",,"2013420","Grocery Store","Risk 1 (High)","4759 N SHERIDAN RD ","CHICAGO","IL","60640","2010-01-06T00:00:00.000","License Re-Inspection","Pass","41.969046674717234","-87.65467405897606"
"88206","elinas cafe",,"2009277","Restaurant","Risk 2 (Medium)","2617 W lawrence AVE ","CHICAGO","IL","60625","2010-01-06T00:00:00.000","License","Fail","41.96845517230248","-87.6945351971874"
"96247","MCDONALD'S #11290","MCDONALD'S #11290","33144","Restaurant","Risk 2 (Medium)","7601 S CICERO AVE ","CHICAGO","IL","60652","2010-01-06T00:00:00.000","Short Form Complaint","Pass","41.75466012439374","-87.74138475860521"
"96248","WAYNE MOY CHOP SUEY","WAYNE MOY CHOP SUEY","1302162","Restaurant","Risk 1 (High)","6101 W 63RD ST ","CHICAGO","IL","60638","2010-01-06T00:00:00.000","Canvass","Pass","41.77770550864039","-87.77399488381793"
"96249","PEPE'S RESTAURANT","PEPE'S RESTAURANT","7056","Restaurant","Risk 1 (High)","7026 W ARCHER AVE ","CHICAGO","IL","60638","2010-01-06T00:00:00.000","Canvass","Pass","41.792139959458716","-87.79766862419076"
"98317","BREW & GROW","BREW & GROW","2013682","Grocery Store","Risk 3 (Low)","3625-3629 N KEDZIE AVE ","CHICAGO","IL","60618","2010-01-06T00:00:00.000","Consultation","Fail","41.94740242077963","-87.70769513166378"
"98318","LA BRASA ROJA, INC.","LA BRASA ROJA","1964400","Restaurant","Risk 1 (High)","3123-25 W MONTROSE AVE ","CHICAGO","IL","60618","2010-01-06T00:00:00.000","Canvass","Pass","41.96108570532885","-87.70672617357464"
"98319","THE  SPICE","THE SPICE","1991580","Restaurant","Risk 1 (High)","2886 N MILWAUKEE AVE ","CHICAGO","IL","60618","2010-01-06T00:00:00.000","Complaint Re-Inspection","Pass","41.93370712206539","-87.71523952905538"
"98320","GIORDANO'S OF LOGAN SQUARE","GIORDANO'S OF LOGAN SQUARE","1304898","Restaurant","Risk 1 (High)","2855 N MILWAUKEE AVE ","CHICAGO","IL","60618","2010-01-06T00:00:00.000","Canvass","Pass","41.93318009175959","-87.71391322289217"
"98325","BRISKU BISTRO","BRISKU BISTRO","1195175",,"Risk 3 (Low)","4100-4102 N KEDZIE AVE ","CHICAGO","IL","60618","2010-01-06T00:00:00.000","Canvass","Fail","41.95577996787758","-87.70821671213817"
"98326","BRICK HOUSE BAR AND GRILL","BRICK HOUSE BAR AND GRILL","1969907","Restaurant","Risk 1 (High)","3152-3154 W IRVING PARK RD ","CHICAGO","IL","60618","2010-01-06T00:00:00.000","Canvass","Pass","41.95403155441393","-87.70771986355506"
"104237","MARY'S CAFE","MARY'S CAFE","61130","Restaurant","Risk 1 (High)","215 E GRAND AVE ","CHICAGO","IL","60611","2010-01-06T00:00:00.000","Canvass","Pass","41.89166171661816","-87.62204473809204"
"104238","COCO PAZZO CAFE","COCO PAZZO CAFE","1446691","Restaurant","Risk 1 (High)","636 N ST CLAIR ST ","CHICAGO","IL","60611","2010-01-06T00:00:00.000","Complaint","Pass","41.893613918700275","-87.62287233192205"
"104239","VOLARE","VOLARE","57820","Restaurant","Risk 1 (High)","201 E GRAND AVE ","CHICAGO","IL","60611","2010-01-06T00:00:00.000","Canvass","Pass","41.89165221441017","-87.62260381408842"
"114258","ROCK BOTTOM RESTAURANT & BREWERY - RB GRILLE","ROCK BOTTOM BREWERY-RB GRILLE","40422","Restaurant","Risk 1 (High)","1 W GRAND AVE ","CHICAGO","IL","60654","2010-01-06T00:00:00.000","Canvass","Pass","41.8915590423211","-87.62813937546481"
"114259","Chipotle Mexican Grill","Chipotle Mexican Grill","1355797","Restaurant","Risk 1 (High)","6 W GRAND AVE","CHICAGO","IL","60610","2010-01-06T00:00:00.000","Canvass","Pass","41.89177250534944","-87.62831667712605"
"118299","HALSTED FOODS","HALSTED FOODS","1842450","Grocery Store","Risk 2 (Medium)","3418 S HALSTED ST ","CHICAGO","IL","60608","2010-01-06T00:00:00.000","Short Form Complaint","Fail","41.83214360513917","-87.64628396417302"
"118300","SEVEN TREASURES","SEVEN TREASURES","6231","Restaurant","Risk 1 (High)","2312 S WENTWORTH AVE ","CHICAGO","IL","60616","2010-01-06T00:00:00.000","Complaint","Fail","41.850556411576726","-87.63211141670075"
"120273","QuiteFrankly,Ltd.","UPS Cafeteria","0","Restaurant","Risk 1 (High)","1400 S JEFFERSON ST ","CHICAGO","IL","60607","2010-01-06T00:00:00.000","Canvass","Pass","41.86350135244771","-87.64220950077579"
"120274","KARYN'S ON GREEN","KARYN'S ON GREEN","1998769","Restaurant","Risk 1 (High)","130 S GREEN ST ","CHICAGO","IL","60607","2010-01-06T00:00:00.000","License Re-Inspection","Pass","41.87950076686327","-87.64860811802541"
"120275","KARYN'S ON GREEN","KARYN'S ON GREEN","1998771","Restaurant","Risk 3 (Low)","130 S GREEN ST ","CHICAGO","IL","60607","2010-01-06T00:00:00.000","License Re-Inspection","Pass","41.87950076686327","-87.64860811802541"
"120276","BUTTER","BUTTER","1193256",,"Risk 3 (Low)","130 S GREEN ST ","CHICAGO","IL","60607","2010-01-06T00:00:00.000","Out of Business","Pass","41.87950076686327","-87.64860811802541"
"120277","POLK STREET CO.","POLK STREET CO.","29507","Restaurant","Risk 1 (High)","548 W POLK ST ","CHICAGO","IL","60607","2010-01-06T00:00:00.000","Canvass","Fail","41.87211261426958","-87.64130525460628"
"134240","ARMITAGE PRODUCE INC","ARMITAGE PRODUCE","1771323","Grocery Store","Risk 1 (High)","2007 N KIMBALL AVE ","CHICAGO","IL","60647","2010-01-06T00:00:00.000","Complaint Re-Inspection","Pass","41.91756241889966","-87.7117551086784"
"134244","Congress Pizza","Congress Pizza & Pasta","1980017","Restaurant","Risk 1 (High)","2033 N Milwaukee AVE ","CHICAGO","IL","60647","2010-01-06T00:00:00.000","Short Form Complaint","Pass","41.91826595568358","-87.68952838043421"
"134245","PANNENKOEKEN  CAFE2","PANNENKOEKEN CAFE","1823664","Restaurant","Risk 1 (High)","2257 W NORTH AVE ","CHICAGO","IL","60647","2010-01-06T00:00:00.000","Out of Business","Pass","41.91024956670776","-87.68463448701652"
"134246","PANNENKOEKEN  CAFE2","PANNENKOEKEN CAFE","1986032","Restaurant","Risk 1 (High)","2257 W NORTH AVE ","CHICAGO","IL","60647","2010-01-06T00:00:00.000","Complaint","Pass","41.91024956670776","-87.68463448701652"
"154220","DUNKIN DONUTS","DUNKIN DONUTS","31590","Restaurant","Risk 2 (Medium)","1927 W FULLERTON AVE ","CHICAGO","IL","60614","2010-01-06T00:00:00.000","Canvass","Pass","41.92492895215087","-87.67691267667713"
"154221","SUBWAY SANDWICHES AND SALADS","SUBWAY","2013762","Restaurant","Risk 2 (Medium)","1513 W fullerton AVE ","CHICAGO","IL","60614","2010-01-06T00:00:00.000","License","Fail","41.92506665893317","-87.66633415361996"
"154222","GAMEKEEPERS","GAMEKEEPERS","40718","Restaurant","Risk 1 (High)","345 W ARMITAGE AVE ","CHICAGO","IL","60614","2010-01-06T00:00:00.000","Consultation","Pass","41.918220945312974","-87.63825244587586"
"158245","CHINA WOK","CHINA WOK","2013324","Restaurant","Risk 1 (High)","1958 W 35TH ST ","CHICAGO","IL","60609","2010-01-06T00:00:00.000","License","Fail","41.83050041795062","-87.67522140471041"
"158246","LAS TRES CAMPANITAS","LAS TRES CAMPANITAS","2013269","Restaurant","Risk 2 (Medium)","2130 W CERMAK RD ","CHICAGO","IL","60608","2010-01-06T00:00:00.000","License","Fail","41.852227298970654","-87.67955938478464"
"160211","TERRY'S","TERRY'S","3743","Restaurant","Risk 1 (High)","1554 N LARRABEE ST ","CHICAGO","IL","60610","2010-01-06T00:00:00.000","Short Form Complaint","Pass w/ Conditions","41.9108655267498","-87.64357278832328"
"160212","MR. GYROS INC","MR. GYROS INC","1619550","Restaurant","Risk 1 (High)","107 W DIVISION ST ","CHICAGO","IL","60610","2010-01-06T00:00:00.000","Short Form Complaint","Fail","41.90378484203853","-87.63179996351542"
"193206","HAROLD'S CHICKEN SHACK","HAROLD'S CHICKEN SHACK","7578","Restaurant","Risk 2 (Medium)","8316 S ASHLAND AVE ","CHICAGO","IL","60620","2010-01-06T00:00:00.000","Canvass","Pass","41.74253050214449","-87.6633867265906"
"54217","BARNEY'S PIZZA","BARNEY'S PIZZA","1742764","Restaurant","Risk 1 (High)","5648 W CHICAGO AVE ","CHICAGO","IL","60651","2010-01-07T00:00:00.000","Complaint","Fail","41.89493600584935","-87.767324234848"
"54218","HAPPY DOG AVENUE","HAPPY DOG AVENUE","1819281","Restaurant","Risk 1 (High)","5614 W CHICAGO AVE ","CHICAGO","IL","60651","2010-01-07T00:00:00.000","Canvass","Pass","41.89495335826808","-87.76606262592395"
"58232","THE DINING ROOM AT KENDALL NFP","THE DINING ROOM","1963511","Restaurant","Risk 1 (High)","900 N NORTH BRANCH ST ","Chicago","IL","60642","2010-01-07T00:00:00.000","Canvass","Pass","41.89896533484934","-87.64809026360946"
"58235","THE DINING ROOM AT KENDALL NFP","THE DINING ROOM","1979756","Restaurant","Risk 1 (High)","900 N NORTH BRANCH ST ","Chicago","IL","60642","2010-01-07T00:00:00.000","Canvass","Pass","41.89896533484934","-87.64809026360946"
"58236","THE DINING ROOM AT KENDALL NFP","THE DINING ROOM","1979756","Restaurant","Risk 1 (High)","900 N NORTH BRANCH ST ","Chicago","IL","60642","2010-01-07T00:00:00.000","Canvass","Pass","41.89896533484934","-87.64809026360946"
"58237","THE DINING ROOM AT KENDALL NFP","THE DINING ROOM","1963512","Restaurant","Risk 1 (High)","900 N NORTH BRANCH ST ","Chicago","IL","60642","2010-01-07T00:00:00.000","Canvass","Pass","41.89896533484934","-87.64809026360946"
"60249","HEFFERAN ELEMENTARY","HEFFERAN ELEMENTARY","1878441","School","Risk 1 (High)","4409 W Wilcox ST ","CHICAGO","IL","60624","2010-01-07T00:00:00.000","Consultation","Pass","41.87863684997283","-87.73583686822396"
"60250","KIDDY KARE PRE SCHOOL INC","KIDDY KARE PRE SCHOOL INC","2013591","Children's Services Facility","Risk 1 (High)","4401 S KEDZIE AVE ","CHICAGO","IL","60632","2010-01-07T00:00:00.000","License-Task Force","Fail","41.81349085436627","-87.70403979329342"
"67785","MARATHON","MARATHON","2009293","Restaurant","Risk 2 (Medium)","2800 W 63RD ST ","CHICAGO","IL","60629","2010-01-07T00:00:00.000","License Re-Inspection","Pass","41.77922453238674","-87.69345644103268"
"67786","GAS ON CALIFORNIA","GAS ON CALIFORNIA","1621557",,"Risk 3 (Low)","2800 W 63RD ST ","CHICAGO","IL","60629","2010-01-07T00:00:00.000","Out of Business","Fail","41.77922453238674","-87.69345644103268"
"67787","SUBWAY STORE  # 25458","SUBWAY","1492724","Restaurant","Risk 1 (High)","1818 W MONTROSE AVE ","CHICAGO","IL","60613","2010-01-07T00:00:00.000","Canvass","Pass w/ Conditions","41.96161297059614","-87.67536186584879"
"67788","Carson (Old)","Carson (Old)","22601","School","Risk 1 (High)","5516 S Maplewood (2532W) AVE ","chicago","IL","60629","2010-01-07T00:00:00.000","Canvass","Pass",,
"67789","MCDONALD'S #6491","MCDONALD'S","2009449","Restaurant","Risk 2 (Medium)","36 W RANDOLPH ST ","CHICAGO","IL","60601","2010-01-07T00:00:00.000","License","Fail","41.88459084697665","-87.62923601171076"
"67790","JEWEL FOOD STORE #3441","JEWEL FOOD STORE #3441","1375","Grocery Store","Risk 1 (High)","2940 N ASHLAND AVE","CHICAGO","IL","60657","2010-01-07T00:00:00.000","Canvass","Fail","41.93547203273165","-87.66865454314257"
"67791","CAFE ORCHID","CAFE ORCHID","1821381","Restaurant","Risk 1 (High)","1746 W ADDISON ST ","CHICAGO","IL","60613","2010-01-07T00:00:00.000","Canvass","Fail","41.947042285717025","-87.67323300405671"
"67792","AFC SUSHI @ JEWEL OSCO # 2940","AFC SUSHI @ JEWEL OSCO # 2940","1516125","Grocery Store","Risk 1 (High)","2940 N ASHLAND AVE ","CHICAGO","IL","60657","2010-01-07T00:00:00.000","Canvass","Pass","41.93547203273165","-87.66865454314257"
"67793","Carson (New)","Carson (New)","70217","School","Risk 1 (High)","2550 W 56th ST ","chicago","IL","60629","2010-01-07T00:00:00.000","Canvass","Pass","41.79206743608172","-87.6884781465796"
"67794","SUPER MERCADO GUADALAJARA","SUPER MERCADO GUADALAJARA","15844","Grocery Store","Risk 1 (High)","2300 S SACRAMENTO AVE ","CHICAGO","IL","60623","2010-01-07T00:00:00.000","Canvass","Pass","41.84992323568431","-87.7004461682493"
"67795","EMPEROR WOK","EMPEROR WOK","1874409","Restaurant","Risk 1 (High)","2910 N ASHLAND AVE ","CHICAGO","IL","60657","2010-01-07T00:00:00.000","Canvass","Pass","41.93456195335931","-87.66862107234444"
"67796","NOODLES PARTY","NOODLES PARTY","1894582","Restaurant","Risk 1 (High)","4205 W LAWRENCE AVE","CHICAGO","IL","60630","2010-01-07T00:00:00.000","SFP/COMPLAINT","Pass","41.96807267241548","-87.73319722399498"
"67797","CHGO LAWN EARLY CHILDHOOD PGR","CHGO LAWN EARLY CHILDHOOD PGR","42583","Daycare (2 - 6 Years)","Risk 1 (High)","3001 W 59TH ST ","CHICAGO","IL","60629","2010-01-07T00:00:00.000","Canvass","Pass","41.78621653306907","-87.69852849375953"
"67798","HALSTED FOODS","HALSTED FOODS","1842450","Grocery Store","Risk 2 (Medium)","3418 S HALSTED ST ","CHICAGO","IL","60608","2010-01-07T00:00:00.000","Short Form Complaint","Pass","41.83214360513917","-87.64628396417302"
"67801","MRS. FIELDS COOKIES","MRS. FIELDS COOKIES","1772150","Bakery","Risk 2 (Medium)","32 E RANDOLPH ST ","CHICAGO","IL","60601","2010-01-07T00:00:00.000","Canvass","Pass","41.88460419998884","-87.62675948736667"
"67812","SCRUB A DUB FULLERTON","SCRUB A DUB FULLERTON","1697483",,"Risk 2 (Medium)","3333 W FULLERTON AVE ","CHICAGO","IL","60647","2010-01-07T00:00:00.000","Canvass","Pass","41.92455395291056","-87.71195340279094"
"67825","LAS TRES CAMPANITAS","LAS TRES CAMPANITAS","1578360","ICE CREAM SHOP","Risk 2 (Medium)","2130 W CERMAK RD ","CHICAGO","IL","60608","2010-01-07T00:00:00.000","Out of Business","Fail","41.852227298970654","-87.67955938478464"
"67830","Target Stores T-942","TARGET/STARBUCKS","38056","Grocery Store","Risk 2 (Medium)","2656 N ELSTON AVE ","CHICAGO","IL","60647","2010-01-07T00:00:00.000","Complaint","Pass","41.929848996596895","-87.684643783527"
"70277","MCDONALD'S","MCDONALD'S","1383391","Restaurant","Risk 2 (Medium)","4550 N CUMBERLAND AVE ","CHICAGO","IL","60656","2010-01-07T00:00:00.000","Canvass","Pass","41.9627679194481","-87.83684032683502"
"70278","MARIA'S MEXICAN RESTURANT","MARIA'S MEXICAN RESTURANT","22926","Restaurant","Risk 1 (High)","9440 W FOSTER AVE ","CHICAGO","IL","60656","2010-01-07T00:00:00.000","Canvass","Fail","41.973400958457454","-87.86302998092812"
"78244","HUCK FINN DONUTS","HUCK FINN DONUTS","3070","Restaurant","Risk 1 (High)","3414 S ARCHER AVE ","CHICAGO","IL","60608","2010-01-07T00:00:00.000","Short Form Complaint","Pass","41.83183073021471","-87.67552719195844"
"78245","TAQUERIA IGUALA","TAQUERIA IGUALA","2013433","Restaurant","Risk 1 (High)","1131 W 18th ST ","CHICAGO","IL","60608","2010-01-07T00:00:00.000","License","Fail","41.85787543651386","-87.65455188352"
"80211","8 EIGHTY EIGHT",,"2009067","Grocery Store","Risk 3 (Low)","1976 W LAWRENCE AVE ","CHICAGO","IL","60640","2010-01-07T00:00:00.000","License Re-Inspection","Fail","41.968866898343286","-87.67911370027275"
"80212","pars-persian store",,"2013828",,"Risk 1 (High)","5252 N clark ST ","CHICAGO","IL","60640","2010-01-07T00:00:00.000","License","Fail","41.97780077031143","-87.6685037350446"
"88207","CHICAGO  MINI  MART",,"2002692","Grocery Store","Risk 3 (Low)","5503 N LINCOLN AVE ","CHICAGO","IL","60625","2010-01-07T00:00:00.000","License","Fail","41.981433144459146","-87.6926507725727"
"88208","LOS PINOS","LOS PINOS","1597137","Restaurant","Risk 1 (High)","3209 W LAWRENCE AVE ","CHICAGO","IL","60625","2010-01-07T00:00:00.000","Complaint","Pass","41.96833532113604","-87.70886984436869"
"96250","PEACHES","PEACHES & PEARS","1593938","Restaurant","Risk 1 (High)","6435-6439 W ARCHER AVE ","CHICAGO","IL","60638","2010-01-07T00:00:00.000","Canvass","Pass","41.79220633093248","-87.78316762851857"
"96251","GIORDANO'S OF MIDWAY","GIORDANO'S OF MIDWAY","1331669","Restaurant","Risk 1 (High)","6314 S CICERO AVE ","CHICAGO","IL","60638","2010-01-07T00:00:00.000","Complaint","Pass","41.77793892159334","-87.74242375780888"
"96252","GORDITAS LA TIA","GORDITAS LA TIA","1943508","Restaurant","Risk 1 (High)","6425 W 63RD ST ","CHICAGO","IL","60638","2010-01-07T00:00:00.000","Canvass","Pass","41.77755027536734","-87.78226491921245"
"98321","7-ELEVEN #33779B","7-ELEVEN","2003664","Grocery Store","Risk 2 (Medium)","2900 W MONTROSE AVE ","CHICAGO","IL","60618","2010-01-07T00:00:00.000","TASK FORCE PACKAGE GOODS 1474","Pass","41.961343153284","-87.70097298218666"
"98322","GIORGIO'S PIZZA","GIORGIO'S PIZZA","1800828","Restaurant","Risk 1 (High)","2800 W IRVING PARK RD ","CHICAGO","IL","60618","2010-01-07T00:00:00.000","Canvass","Pass","41.954083317714684","-87.69830277007019"
"98323","LO'S CHINESE KITCHEN","LO'S CHINESE KITCHEN","42194","Restaurant","Risk 1 (High)","2800 W IRVING PARK RD ","CHICAGO","IL","60618","2010-01-07T00:00:00.000","Canvass","Pass","41.954083317714684","-87.69830277007019"
"98324","BLACK ROCK PUB","THE RUGBY CLUB","33509","Restaurant","Risk 1 (High)","3614 N DAMEN AVE ","CHICAGO","IL","60618","2010-01-07T00:00:00.000","Canvass","Pass","41.94732166015366","-87.67871173244984"
"114260","POTBELLY SANDWICH WORKS","POTBELLY SANDWICH WORKS LLC","1382495","Restaurant","Risk 1 (High)","222 W MERCHANDISE MART PLZ ","CHICAGO","IL","60654","2010-01-07T00:00:00.000","Canvass","Pass","41.8880742810662","-87.63495520292739"
"114261","TOKYO LUNCH BOX","TOKYO LUNCH BOX","1447340","Restaurant","Risk 1 (High)","222 W MERCHANDISE MART PLZ ","CHICAGO","IL","60654","2010-01-07T00:00:00.000","Canvass","Pass","41.8880742810662","-87.63495520292739"
"114262","LAI LAI ORIENTAL EXPRESS","LAI LAI ORIENTAL EXPRESS","23202","Restaurant","Risk 1 (High)","222 W MERCHANDISE MART PLZ ","CHICAGO","IL","60654","2010-01-07T00:00:00.000","Canvass","Pass","41.8880742810662","-87.63495520292739"
"114263","BRAZZAZ LLC","BRAZZAZ","1491998","Restaurant","Risk 1 (High)","539 N DEARBORN ST ","CHICAGO","IL","60610","2010-01-07T00:00:00.000","Canvass","Pass","41.89197721843758","-87.6295167614707"
"118301","HONG KONG MARKET","HONG KONG MARKET","1892499","Grocery Store","Risk 1 (High)","520 W 24TH PL ","CHICAGO","IL","60616","2010-01-07T00:00:00.000","Canvass","Fail","41.848237165925426","-87.64095552751985"
"118302","HONG KONG MARKET","HONG KONG MARKET","2009448","Grocery Store","Risk 3 (Low)","520 W 24TH PL ","CHICAGO","IL","60616","2010-01-07T00:00:00.000","TASK FORCE LIQUOR 1474","Fail","41.848237165925426","-87.64095552751985"
"124258","SIX CORNERS FOOD MARKET","SIX CORNERS FOOD MARKET","2003760","Grocery Store","Risk 3 (Low)","4463 W LAWRENCE AVE ","CHICAGO","IL","60630","2010-01-07T00:00:00.000","License Re-Inspection","Pass","41.96799646825014","-87.74039439776014"
"124261","IRISH AMERICAN HERITAGE CENTER","IRISH AMERICAN HERITAGE CENTER","40543","Restaurant","Risk 1 (High)","4626 N KNOX AVE ","CHICAGO","IL","60630","2010-01-07T00:00:00.000","Canvass","Fail","41.965242580480265","-87.74411673243358"
"134247","Taqueria Teloloapan","Taqueria Teloloapan","1976154","Restaurant","Risk 1 (High)","3641 W FULLERTON AVE ","CHICAGO","IL","60647","2010-01-07T00:00:00.000","Canvass","Fail","41.92447370979499","-87.71866668042674"
"134248","SCRUB A DUB","SCRUB A DUB","51753",,"Risk 2 (Medium)","3333 W FULLERTON AVE ","CHICAGO","IL","60647","2010-01-07T00:00:00.000","Canvass","Pass","41.92455395291056","-87.71195340279094"
"134249","Target Stores T-942","TARGET/STARBUCKS","1579439","Grocery Store","Risk 2 (Medium)","2656 N ELSTON AVE ","CHICAGO","IL","60647","2010-01-07T00:00:00.000","Complaint","Pass","41.929848996596895","-87.684643783527"
"150208","BURGER KING #","BURGER KING","3800","Restaurant","Risk 2 (Medium)","4125 N MILWAUKEE AVE ","CHICAGO","IL","60641","2010-01-07T00:00:00.000","Complaint","Pass","41.95598090917183","-87.75027916232122"
"154223","CHARTWELL'S DINING","BLUE DEMONS DINING HALL","1193131","Restaurant","Risk 1 (High)","2250 N SHEFFIELD AVE","CHICAGO","IL","60614","2010-01-07T00:00:00.000","Canvass","Pass w/ Conditions","41.92323686568482","-87.65368542924351"
"154224","CHARTWELLS","MCGOWAN SOUTH CAFE","1943637","Restaurant","Risk 2 (Medium)","1110 W BELDEN AVE","CHICAGO","IL","60614","2010-01-07T00:00:00.000","Canvass","Pass","41.923618409758596","-87.65645723548145"
"154225","Chartwells","Chartwells","1166638","Catering","Risk 2 (Medium)","2324 N FREMONT ST ","Chicago","IL","60614","2010-01-07T00:00:00.000","Canvass","Pass",,
"158247","DUNKIN DONUTS","DUNKIN DONUTS","1737682","Restaurant","Risk 2 (Medium)","2340 W 52ND ST ","CHICAGO","IL","60609","2010-01-07T00:00:00.000","Complaint","Pass","41.79893753637153","-87.68351638236892"
"158248","GO LO","GO LO","1682383","GAS STATION","Risk 3 (Low)","2340 W 52ND ST ","CHICAGO","IL","60609","2010-01-07T00:00:00.000","Short Form Complaint","Pass w/ Conditions","41.79893753637153","-87.68351638236892"
"164257","TAQUERIA MI LINDO DURANGO, INC","TAQUERIA MI LINDO DURANGO, INC","2008922","Restaurant","Risk 1 (High)","9940 S VINCENNES AVE ","CHICAGO","IL","60643","2010-01-07T00:00:00.000","License","Fail","41.71294669248674","-87.65388977009829"
"164258","LUMES PANCAKE HOUSE","LUMES PANCAKE HOUSE","39623","Restaurant","Risk 1 (High)","11601 S WESTERN AVE ","CHICAGO","IL","60643","2010-01-07T00:00:00.000","Complaint","Fail","41.682671696042505","-87.6807260850454"
"164259","SEE THRU CHINESE KITCHEN","SEE THRU CHINESE KITCHEN","36468","Restaurant","Risk 1 (High)","10939 S WESTERN AVE ","CHICAGO","IL","60643","2010-01-07T00:00:00.000","Short Form Complaint","Pass","41.69422064707933","-87.68108589547474"
"197206","DUNKIN DONUTS","DUNKIN DONUTS","1678255","Restaurant","Risk 2 (Medium)","303 E WACKER DR ","CHICAGO","IL","60601","2010-01-07T00:00:00.000","Canvass","Pass","41.88770537937826","-87.62058814392799"
"48212","EL GRAN BURRITO","EL GRAN BURRITO","40974","Restaurant","Risk 1 (High)","5632 W North AVE ","CHICAGO","IL","60639","2010-01-08T00:00:00.000","Complaint","Pass","41.90947459952888","-87.76676192189315"
"48213","RESTAURANT EL RANCHITO","RESTAURANT EL RANCHITO","1273737","Restaurant","Risk 1 (High)","5959 W GRAND AVE ","CHICAGO","IL","60639","2010-01-08T00:00:00.000","Complaint","Pass","41.92042651834003","-87.77549900214635"
"54219","MONTICELLO FOOD MART, INC","MONTICELLO FOOD MART, INC","2013259","Grocery Store","Risk 2 (Medium)","1000 N MONTICELLO AVE ","CHICAGO","IL","60651","2010-01-08T00:00:00.000","License Re-Inspection","Pass","41.89918622853627","-87.71780427165159"
"58233","SUBWAY","SUBWAY","28635","Restaurant","Risk 1 (High)","1129 N WESTERN AVE ","CHICAGO","IL","60622","2010-01-08T00:00:00.000","Canvass","Fail","41.90204390855024","-87.68685824969803"
"58239","POCKETS","POCKETS","1913960","Restaurant","Risk 2 (Medium)","1001 W NORTH AVE","Chicago","IL","60642","2010-01-08T00:00:00.000","Complaint","Pass","41.910729292099305","-87.65315262189527"
"58241","ABERDEEN","ABERDEEN","1245120","Restaurant","Risk 1 (High)","1856 W NORTH AVE ","CHICAGO","IL","60622","2010-01-08T00:00:00.000","No Entry","Pass","41.91063613478286","-87.67487609462192"
"58242","LATIN AMERICAN REST & LOUNGE","LATIN AMERICAN REST & LOUNGE","1058","Restaurant","Risk 1 (High)","2743 W DIVISION ST ","CHICAGO","IL","60622","2010-01-08T00:00:00.000","Canvass","Fail","41.90282132997605","-87.69614329943664"
"67799","WHITE CASTLE #25","WHITE CASTLE #25","28476","Restaurant","Risk 2 (Medium)","5618 W NORTH AVE ","CHICAGO","IL","60639","2010-01-08T00:00:00.000","Complaint","Pass","41.90948083015722","-87.76641097037503"
"67800","EBERHART ELEMENTARY SCHOOL","EBERHART ELEMENTARY SCHOOL","23041","School","Risk 1 (High)","3400 W 65th PL ","chicago","IL","60629","2010-01-08T00:00:00.000","Canvass","Pass","41.77444709688724","-87.70800188955322"
"67802","HURLEY SCHOOL","HURLEY SCHOOL","23911","School","Risk 1 (High)","3849 W 69th PL ","CHICAGO","IL","60629","2010-01-08T00:00:00.000","Canvass","Pass","41.7667582972132","-87.71950803784463"
"67803","HOUNDSTOOTH SALOON","DOS GRINGOS","41128","Restaurant","Risk 1 (High)","3438 N CLARK ST ","CHICAGO","IL","60657","2010-01-08T00:00:00.000","No Entry","Fail","41.944372980166825","-87.65434805298078"
"67804","SOLA RESTAURANT","SOLA RESTAURANT","1648743","Restaurant","Risk 1 (High)","1939-1943 W BYRON ST ","CHICAGO","IL","60613","2010-01-08T00:00:00.000","Canvass","Pass","41.9522378735577","-87.6778041059911"
"67805","AL BAR B QUE","AL BAR B QUE","16769","Restaurant","Risk 1 (High)","65 E 43RD ST ","CHICAGO","IL","60653","2010-01-08T00:00:00.000","Complaint-Fire","Pass","41.81641927033939","-87.62365733483833"
"67806","MIA FRANCESCA CORP","MIA FRANCESCA","28875","Restaurant","Risk 1 (High)","3311 N CLARK ST ","CHICAGO","IL","60657","2010-01-08T00:00:00.000","Consultation","Pass","41.94211026659002","-87.65224955089677"
"68255","McDonalds Restaurant","McDonalds","12886","Restaurant","Risk 2 (Medium)","9211 S COMMERCIAL AVE ","CHICAGO","IL","60617","2010-01-08T00:00:00.000","Short Form Complaint","Pass w/ Conditions","41.72788019121327","-87.5510612280602"
"68256","CITGO","CITGO","58452","Grocery Store","Risk 3 (Low)","2941 E 83RD ST ","CHICAGO","IL","60617","2010-01-08T00:00:00.000","Consultation","Pass","41.74453593701442","-87.55235844692069"
"68257","BURGER KING #16882","BURGER KING #16882","1943412","Restaurant","Risk 2 (Medium)","1701 E 95TH ST ","CHICAGO","IL","60617","2010-01-08T00:00:00.000","Suspected Food Poisoning","Pass","41.722267795815995","-87.58251019434339"
"78246","SAVE-A-LOT  #852","SAVE-A-LOT  #852","1145759","Grocery Store","Risk 2 (Medium)","7240 S STONY ISLAND AVE ","CHICAGO","IL","60649","2010-01-08T00:00:00.000","Complaint","Pass","41.76302236531688","-87.58639016189062"
"78247","South Chicago Food Market",,"2013474","Grocery Store","Risk 3 (Low)","6700 S Rhodes AVE ","CCHICAGO","IL","60637","2010-01-08T00:00:00.000","License","Fail","41.772935585299976","-87.61197264021813"
"78248","Yahs Cuisine",,"2004254","Restaurant","Risk 1 (High)","2347 E 75TH ST ","CHICAGO","IL","60649","2010-01-08T00:00:00.000","License Re-Inspection","Pass","41.75887155280274","-87.56693763454342"
"96253","TONY'S KITCHEN INC","TONY'S KITCHEN","1300057","Restaurant","Risk 1 (High)","6325 S CENTRAL AVE ","CHICAGO","IL","60638","2010-01-08T00:00:00.000","Canvass","Pass","41.777201295284584","-87.76154174764709"
"104240","600 N LAKESHORE DRIVEMART","600 N LAKESHORE DRIVEMART","1997673","Grocery Store","Risk 3 (Low)","600 N LAKE SHORE DR ","CHICAGO","IL","60611","2010-01-08T00:00:00.000","License","Pass","41.8927482092378","-87.6146867960138"
"114264","EMBASSY SUITES","EMBASSY SUITES","1743204","Restaurant","Risk 1 (High)","600 N STATE ST","CHICAGO","IL","60654","2010-01-08T00:00:00.000","Complaint","Pass","41.89250116694964","-87.62824273781878"
"114265","EUREST DINING SERVICES AT CAFE 300","MARKET CAFE","1948511","Restaurant","Risk 1 (High)","300 N LA SALLE ST","CHICAGO","IL","60654","2010-01-08T00:00:00.000","Suspected Food Poisoning","Pass","41.887528639656935","-87.63264683652446"
"118303","HUCK FINN DONUTS","HUCK FINN DONUTS","3070","Restaurant","Risk 1 (High)","3414 S ARCHER AVE ","CHICAGO","IL","60608","2010-01-08T00:00:00.000","Recent Inspection","Pass","41.83183073021471","-87.67552719195844"
"118304","THREE HAPPINESS RESTAURANT","THREE HAPPINESS RESTAURANT","39807","Restaurant","Risk 1 (High)","209 W CERMAK RD ","CHICAGO","IL","60616","2010-01-08T00:00:00.000","Complaint","Pass w/ Conditions","41.85273605598148","-87.63244396717785"
"118305","SEVEN TREASURES","SEVEN TREASURES","6231","Restaurant","Risk 1 (High)","2312 S WENTWORTH AVE ","CHICAGO","IL","60616","2010-01-08T00:00:00.000","Consultation","Pass","41.850556411576726","-87.63211141670075"
"120278","OLYMPIC_MEAT PACKERS INC","OLYMPIC_MEAT PACKERS INC","19345","Grocery Store","Risk 2 (Medium)","810 W RANDOLPH ST ","CHICAGO","IL","60607","2010-01-08T00:00:00.000","Canvass","Pass","41.88450900503379","-87.64793566139686"
"120279","PEORIA PACKING LTD","PEORIA PACKING LTD","33970","Grocery Store","Risk 2 (Medium)","1300 W LAKE ST ","CHICAGO","IL","60607","2010-01-08T00:00:00.000","Consultation","Pass","41.885580420009","-87.65895691075222"
"120280","EDNA'S RESTAURANT","EDNA'S RESTAURANT","26876","Restaurant","Risk 1 (High)","3175 W MADISON ST ","CHICAGO","IL","60612","2010-01-08T00:00:00.000","Consultation","Pass","41.88086597742973","-87.70585424947606"
"120282","TAYLOR MADE DELI","TAYLOR MADE DELI","1932034","Restaurant","Risk 2 (Medium)","1010-12 S WESTERN AVE ","CHICAGO","IL","60612","2010-01-08T00:00:00.000","Canvass","Pass","41.86889279744895","-87.68624731889324"
"134250","LOS TRES ANGELES DE LA SALUD","LOS TRES ANGELES DE LA SALUD","2013729","Restaurant","Risk 2 (Medium)","3514 W FULLERTON AVE BLDG ","CHICAGO","IL","60647","2010-01-08T00:00:00.000","License","Fail","41.92473452779901","-87.71525002505764"
"134251","LAS ASADAS","LAS ASADAS","49070","Restaurant","Risk 1 (High)","2072 N WESTERN AVE ","CHICAGO","IL","60647","2010-01-08T00:00:00.000","License","Pass","41.91969265900209","-87.68762594025866"
"134252","REDHOT RANCH","REDHOT RANCH","2008719","Restaurant","Risk 2 (Medium)","2072 N WESTERN AVE ","CHICAGO","IL","60647","2010-01-08T00:00:00.000","License","Pass","41.91969265900209","-87.68762594025866"
"148210","YSABEL'S FILIPINO CUISINE","YSABEL'S GRILL ASIAN CUISINE","2013419","Restaurant","Risk 1 (High)","4908 W Irving Park RD ","CHICAGO","IL","60641","2010-01-08T00:00:00.000","License","Fail","41.953485015058135","-87.750248227467"
"154226","CHARTWELL'S DINING","BLUE DEMONS DINING HALL","1193131","Restaurant","Risk 1 (High)","2250 N SHEFFIELD AVE ","CHICAGO","IL","60614","2010-01-08T00:00:00.000","Tag Removal","Pass","41.92323686568482","-87.65368542924351"
"154227","RAJ DARBAR","RAJ DARBAR","55355","Restaurant","Risk 1 (High)","2660 N HALSTED ST ","CHICAGO","IL","60614","2010-01-08T00:00:00.000","Short Form Complaint","Pass","41.930751911450216","-87.64909233354552"
"158249","BURGER KING #7674","BURGER KING #7674","1473524","Restaurant","Risk 2 (Medium)","2000 W 47TH ST","CHICAGO","IL","60609","2010-01-08T00:00:00.000","Complaint","Pass w/ Conditions","41.80861852232926","-87.67481801359514"
"158250","NEW ZION CHILD CARE ACADEMY","NEW ZION CHILD CARE ACADEMY","1717420","Daycare Combo 1586","Risk 1 (High)","1960 W 13TH ST ","CHICAGO","IL","60608","2010-01-08T00:00:00.000","License Re-Inspection","Pass","41.86505135416893","-87.67600728666591"
"158251","New Zion Child Care Academy","New Zion Child Care Academy","1717420","Daycare Combo 1586","Risk 1 (High)","1960 W 13 th ST ","CHICAGO","IL","60608","2010-01-08T00:00:00.000","License Re-Inspection","Pass","41.86505135416893","-87.67600728666591"
"158252","CHURCH'S CHICKEN # 1054","CHURCH'S CHICKEN","1273277","Restaurant","Risk 2 (Medium)","1808 W 47TH ST","CHICAGO","IL","60609","2010-01-08T00:00:00.000","Complaint Re-Inspection","Pass","41.808662601878325","-87.67025444015965"
"164260","Food 4 Less Midwest #552","FOOD 4 LESS","1596210","Grocery Store","Risk 1 (High)","7030 S ASHLAND AVE","CHICAGO","IL","60636","2010-01-08T00:00:00.000","Complaint","Fail","41.76579077043187","-87.66396688645497"
"164261","LLOYDS LOUNGE, INC.","LLOYDS LOUNGE, INC.","804","Liquor","Risk 3 (Low)","6046 S RACINE AVE","CHICAGO","IL","60636","2010-01-08T00:00:00.000","Complaint","Fail","41.78367273729985","-87.65475216429715"
"455477","ST.ANTHONY HOSPITAL","ST.ANTHONY HOSPITAL","23436","Hospital","Risk 1 (High)","2875 W 19TH ST ","CHICAGO","IL","60623","2010-01-09T00:00:00.000","Canvass","Pass","41.85540289350027","-87.69870754487314"
"48214","LA PANADERIA CENTRAL BAKERY","LA PANADERIA CENTRAL BAKERY","61169","Bakery","Risk 2 (Medium)","4348 W ARMITAGE AVE ","CHICAGO","IL","60639","2010-01-11T00:00:00.000","Complaint","Pass","41.91715967553801","-87.7358724596387"
"48215","GOLDEN CROWN RESTAURANT","GOLDEN CROWN RESTAURANT","2013539","Restaurant","Risk 1 (High)","2341 N NARRAGANSETT AVE ","CHICAGO","IL","60639","2010-01-11T00:00:00.000","License Re-Inspection","Fail","41.923097678207924","-87.78527865943148"
"54220","ABE'S AND TOMMIE'S CARRYOUT","ABE'S AND TOMMIE'S CARRYOUT","2008833","Restaurant","Risk 2 (Medium)","5107 W CHICAGO AVE ","CHICAGO","IL","60651","2010-01-11T00:00:00.000","License","Fail","41.89484970491373","-87.75348965086528"
"54221","MILTON BRUNSON ELEMENTARY","MILTON BRUNSON ELEMENTARY","2034637","School","Risk 1 (High)","932 N CENTRAL AVE ","CHICAGO","IL","60651","2010-01-11T00:00:00.000","Complaint","Pass","41.89767760687649","-87.76564296724962"
"54222","YO MAMAS PIZZA","YO MAMAS PIZZA","1938489","Restaurant","Risk 1 (High)","633 N CICERO AVE ","CHICAGO","IL","60644","2010-01-11T00:00:00.000","Complaint","Fail","41.89231802030073","-87.74556872149367"
"54229","AL'S FOOD MART","AL'S FOOD MART","1943229","Grocery Store","Risk 2 (Medium)","5401 W AUGUSTA BLVD ","CHICAGO","IL","60651","2010-01-11T00:00:00.000","Complaint","Fail","41.89842933098916","-87.76091119548943"
"58243","Von Humboldt C.P.C.","Von Humboldt C.P.C.","25692","School","Risk 1 (High)","1345 N Rockwell ST ","CHICAGO","IL","60622","2010-01-11T00:00:00.000","Canvass","Pass","41.90616869303772","-87.6918862486702"
"58244","THE PARTHENON RESTAURANT INC","THE PARTHENON RESTAURANT INC","32259","Restaurant","Risk 1 (High)","314 S HALSTED ST ","CHICAGO","IL","60661","2010-01-11T00:00:00.000","Complaint Re-Inspection","Pass","41.87746697060908","-87.64737445971154"
"58245","THE SILVER PALM RESTAURANT","THE SILVER PALM RESTAURANT","1168049","Restaurant","Risk 1 (High)","768 N MILWAUKEE AVE ","CHICAGO","IL","60642","2010-01-11T00:00:00.000","No Entry","Pass","41.895758932202234","-87.65489621523258"
"58246","THE JUICY WINE CO.","THE JUICY WINE CO.","1738131","Restaurant","Risk 2 (Medium)","694 N MILWAUKEE AVE ","CHICAGO","IL","60642","2010-01-11T00:00:00.000","Canvass","Pass w/ Conditions","41.89422978422928","-87.65252070814081"
"58247","IGGY'S","IGGY'S","23502",,"Risk 2 (Medium)","700 N MILWAUKEE AVE ","CHICAGO","IL","60622","2010-01-11T00:00:00.000","Out of Business","Pass","41.89433250311345","-87.652680211638"
"58248","BARISTA COFFEE HOUSE INC.","BARISTA COFFEE HOUSE INC.","1579130","Restaurant","Risk 2 (Medium)","852 N DAMEN AVE ","CHICAGO","IL","60622","2010-01-11T00:00:00.000","Canvass","Pass","41.897497007525274","-87.67724470842808"
"60251","HEFFERAN ELEMENTARY","HEFFERAN ELEMENTARY","1878441","School","Risk 1 (High)","4409 W Wilcox ST ","CHICAGO","IL","60624","2010-01-11T00:00:00.000","Canvass","Pass w/ Conditions","41.87863684997283","-87.73583686822396"
"60252","LACOCO'S PIZZA & PASTA","LACOCO'S PIZZA & PASTA","67229","Restaurant","Risk 1 (High)","3350 W 47th ST ","CHICAGO","IL","60632","2010-01-11T00:00:00.000","Complaint","Fail","41.80817261443303","-87.70848388995081"
"67807","SUN FOOD MART","SUN FOOD MART","2009479","Grocery Store","Risk 3 (Low)","3601 W CERMAK RD ",,"IL",,"2010-01-11T00:00:00.000","License Re-Inspection","Pass","41.85155346052472","-87.715059286164"
"67808","ALLISON'S INFANT & TODDLER CENTER","ALLISON'S INFANT & TODDLER CENTER","1818350","Daycare Above and Under 2 Years","Risk 1 (High)","234 E 115TH ST ","CHICAGO","IL","60628","2010-01-11T00:00:00.000","Canvass","Pass","41.68549637932911","-87.61665734971378"
"67809","LEE ELEMENTARY","LEE ELEMENTARY","26331","School","Risk 1 (High)","6448 S Tripp (4232W) ","CHICAGO","IL","60629","2010-01-11T00:00:00.000","Canvass","Pass","41.775328312329904","-87.72892174006991"
"67810","EINSTEIN BROS. BAGELS # 2436","EINSTEIN BROS. BAGELS # 2436","1223720","Restaurant","Risk 1 (High)","3455 N CLARK ST ","CHICAGO","IL","60657","2010-01-11T00:00:00.000","Canvass","Pass","41.944923689680714","-87.6545078736872"
"67811","LA AMISTAD RESTAURANT","LA AMISTAD RESTAURANT","1847139","Restaurant","Risk 1 (High)","1914 W MONTROSE AVE ","CHICAGO","IL","60613","2010-01-11T00:00:00.000","Canvass","Pass","41.961594914876564","-87.67666386545389"
"67814","Embassy Suites Hotel","Embassy Suites Hotel","1546507","Restaurant","Risk 1 (High)","511 N COLUMBUS DR ","CHICAGO","IL","60611","2010-01-11T00:00:00.000","Canvass","Pass","41.8914048806943","-87.62008122973772"
"67815","BUY & FLY STORE","BUY & FLY STORE","1622363","Grocery Store","Risk 3 (Low)","1874 S KEDZIE AVE ","CHICAGO","IL","60623","2010-01-11T00:00:00.000","Complaint","Pass","41.85558335892764","-87.70551062944573"
"67818","24-7 MART","24-7 MART","2013457","Grocery Store","Risk 2 (Medium)","2 W 103RD ST ","CHICAGO","IL","60628","2010-01-11T00:00:00.000","License","Fail","41.70727358161855","-87.62358592336454"
"67819","PECK ELEMENTARY SCHOOL","PECK ELEMENTARY SCHOOL","24871","School","Risk 1 (High)","3826 W 58th ST ","CHICAGO","IL","60629","2010-01-11T00:00:00.000","Canvass","Pass","41.78792632341754","-87.71922211426183"
"67820","EL NUEVO MEXICANO","EL NUEVO MEXICANO","1525","Restaurant","Risk 1 (High)","2914 N CLARK ST ","CHICAGO","IL","60657","2010-01-11T00:00:00.000","Canvass","Fail","41.9351819008089","-87.64698740774581"
"67821","ROCKIN  TACO","ROCKIN TACO","2004413","Restaurant","Risk 1 (High)","1467 W IRVING PARK RD ","CHICAGO","IL","60613","2010-01-11T00:00:00.000","License Re-Inspection","Fail","41.95420873655159","-87.66684726495454"
"67822","MIS TACOS","MIS TACOS","2013835","Restaurant","Risk 1 (High)","4308 W MARQUETTE RD ","CHICAGO","IL","60629","2010-01-11T00:00:00.000","License","Pass","41.77139058907717","-87.7303173969806"
"67823","TAQUERIA LA CHIQUITA","TAQUERIA LA CHIQUITA","49607","Restaurant","Risk 1 (High)","2635 S PULASKI RD ","CHICAGO","IL","60623","2010-01-11T00:00:00.000","Canvass","Pass w/ Conditions","41.8431912529993","-87.72437351153951"
"67824","MIA FRANCESCA CORP","MIA FRANCESCA","28875","Restaurant","Risk 1 (High)","3311 N CLARK ST ","CHICAGO","IL","60657","2010-01-11T00:00:00.000","Suspected Food Poisoning","Fail","41.94211026659002","-87.65224955089677"
"67826","SUBWAY","SUBWAY","1979303","Restaurant","Risk 1 (High)","4032 W 26TH ST ","CHICAGO","IL","60623","2010-01-11T00:00:00.000","Canvass","Fail","41.84434188397153","-87.72603272350506"
"67828","THAI KITCHEN","THAI KITCHEN","1892955","Restaurant","Risk 1 (High)","1513 W IRVING PARK RD ","CHICAGO","IL","60613","2010-01-11T00:00:00.000","Canvass","Pass","41.95419279485841","-87.66810945128016"
"67829","GATEWAY NEWSTAND","GATEWAY NEWSTAND","2003861","Grocery Store","Risk 3 (Low)","4612 W 59TH ST ","CHICAGO","IL","60629","2010-01-11T00:00:00.000","License","Fail","41.785732807652394","-87.73843832268578"
"67991","EL NUEVO MEXICANO","EL NUEVO MEXICANO","1525","Restaurant","Risk 1 (High)","2914 N CLARK ST ","CHICAGO","IL","60657","2010-01-11T00:00:00.000","Canvass","Fail","41.9351819008089","-87.64698740774581"
"68258","MCDONALDS #12003","MCDONALDS #12003","1043070","Restaurant","Risk 2 (Medium)","8871 S KINGSTON AVE ","Chicago","IL","60617","2010-01-11T00:00:00.000","Short Form Complaint","Pass","41.733724728351504","-87.56428681640708"
"68259","Eastside Soccer Dome, Inc.","Eastside Soccer Dome","2009231","Restaurant","Risk 2 (Medium)","11919 S Avenue O AVE FRNT ","CHICAGO","IL","60617","2010-01-11T00:00:00.000","License Re-Inspection","Pass","41.67851714188012","-87.53989365304756"
"68260","HIBACHI SEAFOOD BUFFET","TASTY  RESTAURANT  INC.","1595096","Restaurant","Risk 1 (High)","3556 E 118TH ST ","CHICAGO","IL","60617","2010-01-11T00:00:00.000","Short Form Complaint","Pass","41.68105296497677","-87.53667486938006"
"74262","HYDE PARK PRODUCE, LTD","HYDE PARK PRODUCE, LTD","1884100","Grocery Store","Risk 1 (High)","1226 E 53rd ST ","CHICAGO","IL","60615","2010-01-11T00:00:00.000","Complaint","Pass","41.79957680216707","-87.5955129218999"
"74263","PIZZA & GRILL ZONE","PIZZA & GRILL ZONE","2013870","Restaurant","Risk 2 (Medium)","5257 S ASHLAND AVE BLDG ","CHICAGO","IL","60609","2010-01-11T00:00:00.000","License","Fail","41.79782258812668","-87.66453687828134"
"78249","A NATURAL HARVEST HEALTH FOOD STORE","A NATURAL HARVEST HEALTH FOOD STORE","2009445","Restaurant","Risk 2 (Medium)","7122 S JEFFERY BLVD ","CHICAGO","IL","60649","2010-01-11T00:00:00.000","License","Fail","41.7654372938236","-87.57643279693517"
"78250","EAST SIDE ACADEMY OF EARLY LEARNING INC","EAST SIDE ACADEMY OF EARLY LEARNING INC","1648729","Daycare (2 - 6 Years)","Risk 1 (High)","2409 E 79TH ST ","CHICAGO","IL","60649","2010-01-11T00:00:00.000","Canvass Re-Inspection","Pass","41.7516235117231","-87.5658332805911"
"78251","BK'S BAR-B-Q","BK'S BAR-B-Q","1490044",,"Risk 1 (High)","2152 E 71ST ST ","CHICAGO","IL","60649","2010-01-11T00:00:00.000","Out of Business","Fail","41.7663931420151","-87.57172362605498"
"78252","NUMBER 1 CHOP SUEY","NUMBER 1 CHOP SUEY","1677434","Restaurant","Risk 1 (High)","7342 S STONY ISLAND AVE ","CHICAGO","IL","60649","2010-01-11T00:00:00.000","Complaint","Pass","41.76113827175918","-87.58634581379175"
"80214","TACO CHINO","TACO CHINO","2013478","Restaurant","Risk 1 (High)","4712 N KIMBALL AVE ","CHICAGO","IL","60625","2010-01-11T00:00:00.000","License Re-Inspection","Pass","41.967009871578234","-87.71346842185804"
"80215","AGEE'S PIZZERIA & GRILL",,"2009413","Restaurant","Risk 2 (Medium)","1118 W WILSON AVE ","CHICAGO","IL","60640","2010-01-11T00:00:00.000","License Re-Inspection","Fail","41.96549905070616","-87.65824706819338"
"88209","markos tacos&cafe",,"2009343","Restaurant","Risk 1 (High)","5661 N clark BLDG ","CHICAGO","IL","60660","2010-01-11T00:00:00.000","License Re-Inspection","Pass","41.98506583014987","-87.66894906631795"
"88210","cardona's 2",,"2013650","Restaurant","Risk 1 (High)","7104 N clark BLDG ","CHICAGO","IL","60626","2010-01-11T00:00:00.000","License","Fail","42.011581363816795","-87.67461423129816"
"88212","HONG KONG BUFFET CORPORATION","HONG KONG BUFFET","1273946","Restaurant","Risk 1 (High)","6249 N MCCORMICK RD ","CHICAGO","IL","60659","2010-01-11T00:00:00.000","Complaint","Pass","41.995440602185084","-87.71291737890452"
"96254","RICHARD ANDRISE","ANDRISI'S","6292","Restaurant","Risk 1 (High)","6746 W 63RD ST ","CHICAGO","IL","60638","2010-01-11T00:00:00.000","Canvass","Pass","41.77764909899739","-87.79045984411599"
"96255","TAQUERIA LOS GALLOS 3 INC.","TAQUERIA LOS GALLOS 3 INC.","1357956","Restaurant","Risk 1 (High)","6222 S ARCHER AVE ","CHICAGO","IL","60638","2010-01-11T00:00:00.000","Canvass","Pass w/ Conditions","41.79379959266","-87.77555762687273"
"96256","ORION RESTAURANT","ORION RESTAURANT","49097","Restaurant","Risk 1 (High)","5772 S ARCHER AVE ","CHICAGO","IL","60638","2010-01-11T00:00:00.000","Canvass","Pass","41.79660858654975","-87.75732384370508"
"96257","KAROLINKA CLUB","KAROLINKA CLUB","1645224","Restaurant","Risk 1 (High)","6102 S CENTRAL AVE ","CHICAGO","IL","60638","2010-01-11T00:00:00.000","Canvass","Fail","41.78156970293239","-87.76201319891189"
"98327","TIANGUIS FRESH FOODS","TIANGUIS FRESH FOODS","1622594","Grocery Store","Risk 1 (High)","3552 W ARMITAGE AVE ","CHICAGO","IL","60647","2010-01-11T00:00:00.000","Consultation","Pass w/ Conditions","41.91740411075368","-87.71567250239683"
"98328","CINNAMON CAFE","CINNAMON CAFE","2013876","Restaurant","Risk 1 (High)","2949 W BELMONT AVE ","CHICAGO","IL","60618","2010-01-11T00:00:00.000","License","Fail","41.939255926667535","-87.70226967930802"
"98330","LADYBUG BOOK CAFE",,"1975195","Liquor","Risk 3 (Low)","2903 W IRVING PARK RD ","CHICAGO","IL","60618","2010-01-11T00:00:00.000","License Re-Inspection","Fail","41.95385151159909","-87.70083501928669"
"104241","BICE RISTORANTE","BICE RISTORANTE","17204","Restaurant","Risk 1 (High)","158 E ONTARIO ST ","CHICAGO","IL","60611","2010-01-11T00:00:00.000","Canvass","Pass","41.89346551635262","-87.62308620999077"
"104242","BICE  GRILL","BICE GRILL","17207","Restaurant","Risk 1 (High)","154 E ONTARIO ST ","CHICAGO","IL","60611","2010-01-11T00:00:00.000","Canvass","Pass","41.89346156473742","-87.62327822970332"
"114266","WESTIN RIVER NORTH CHGO HOTEL- MAIN KITCHEN","BANQUET","55255","Restaurant","Risk 1 (High)","320 N DEARBORN ST ","CHICAGO","IL","60654","2010-01-11T00:00:00.000","Canvass","Fail","41.88807037763845","-87.62969225672218"
"114267","WESTIN RIVER NORTH CHGO HOTEL - EMPLOYEE CAFE","EMPLOYEES CAFETERIA","55254","Restaurant","Risk 1 (High)","320 N DEARBORN ST ","CHICAGO","IL","60654","2010-01-11T00:00:00.000","Canvass","Pass","41.88807037763845","-87.62969225672218"
"114268","WESTIN RIVER NORTH CHGO HOTEL - CATERING","CATERING/MAIN KITCHEN","55253","Restaurant","Risk 1 (High)","320 N DEARBORN ST ","CHICAGO","IL","60654","2010-01-11T00:00:00.000","Canvass","Pass","41.88807037763845","-87.62969225672218"
"114269","WESTIN RIVER NORTH CHGO HOTEL - EMBER","320 RIVER BAR","55247","Restaurant","Risk 1 (High)","320 N DEARBORN ST ","CHICAGO","IL","60654","2010-01-11T00:00:00.000","Canvass","Pass w/ Conditions","41.88807037763845","-87.62969225672218"
"114270","Au Bon Pain","Au Bon Pain","1980011","Restaurant","Risk 1 (High)","222 W Merchandise Mart PLZ BLDG ","CHICAGO","IL","60654","2010-01-11T00:00:00.000","Suspected Food Poisoning","Pass","41.8880742810662","-87.63495520292739"
"120283","EAST COAST PANTRY","EAST COAST PANTRY","1892217","Grocery Store","Risk 2 (Medium)","611 S WELLS ST ","CHICAGO","IL","60607","2010-01-11T00:00:00.000","Canvass","Pass","41.874242987183976","-87.63347653027343"
"120284","CHATO'S CHICKEN & MASHED","CHATO'S CHICKEN & MASHED","1842518",,"Risk 1 (High)","1519 W TAYLOR ST ","CHICAGO","IL","60607","2010-01-11T00:00:00.000","Out of Business","Pass","41.86917813329073","-87.66490728096332"
"120285","JUBRANOS","JUBRANOS","1932544","Restaurant","Risk 1 (High)","1519 W TAYLOR ST ","CHICAGO","IL","60607","2010-01-11T00:00:00.000","Canvass","Pass","41.86917813329073","-87.66490728096332"
"120286","POMPEI BAKERY","POMPEI BAKERY","16411","Restaurant","Risk 1 (High)","1531 W TAYLOR ST ","CHICAGO","IL","60607","2010-01-11T00:00:00.000","Complaint","Pass","41.86917024255043","-87.66538446635471"
"124265","FOREST VIEW DELI","FOREST VIEW DELI","1678882",,"Risk 1 (High)","6452 N MILWAUKEE AVE ","CHICAGO","IL","60631","2010-01-11T00:00:00.000","Out of Business","Pass","41.99849296963009","-87.78909536868451"
"124266","CHICAGO POLISH DELI, INC.","CHICAGO POLISH DELI, INC.","1970004",,"Risk 1 (High)","6452 N MILWAUKEE AVE ","CHICAGO","IL","60631","2010-01-11T00:00:00.000","Out of Business","Pass","41.99849296963009","-87.78909536868451"
"154228","MC DONALD' S # 22100","MC DONALD' S # 22100","1960260","Restaurant","Risk 2 (Medium)","1737 W FULLERTON AVE ","CHICAGO","IL","60614","2010-01-11T00:00:00.000","Canvass","Pass","41.92498939160594","-87.67215167412238"
"154229","GAMEKEEPERS","GAMEKEEPERS","40718","Restaurant","Risk 1 (High)","345 W ARMITAGE AVE ","CHICAGO","IL","60614","2010-01-11T00:00:00.000","Complaint","Pass","41.918220945312974","-87.63825244587586"
"154230","SUSHI O SUSHI","SUSHI O SUSHI","1044746","Restaurant","Risk 1 (High)","346 W ARMITAGE AVE ","CHICAGO","IL","60614","2010-01-11T00:00:00.000","Canvass","Pass","41.91844043280386","-87.63825828564545"
"158253","ARGENTINA FOODS","ARGENTINA FOODS","2009367","Grocery Store","Risk 2 (Medium)","4500 S WOODS ST ","CHICAGO","IL","60609","2010-01-11T00:00:00.000","License","Fail",,
"158254","MCDONALD'S","MCDONALD'S","1593965","Restaurant","Risk 2 (Medium)","4158 S ASHLAND AVE ","CHICAGO","IL","60609","2010-01-11T00:00:00.000","Complaint","Pass","41.8177427370255","-87.66533501233407"
"164262","BEVERLY HILLS FOOD MART","BEVERLY HILLS FOOD MART","1513847","Grocery Store","Risk 3 (Low)","2156 W 95TH ST ","CHICAGO","IL","60643","2010-01-11T00:00:00.000","Short Form Complaint","Pass","41.72112261922048","-87.67708432160222"
"164263","MAY MEI KITCHEN","MAY MEI KITCHEN","2009145","Restaurant","Risk 1 (High)","1122 W 95TH ST ","CHICAGO","IL","60643","2010-01-11T00:00:00.000","License Re-Inspection","Pass","41.72146477432785","-87.65167725164933"
"197207","DELMONICO'S GOURMET","DELMONICO'S GOURMET","1817644","Restaurant","Risk 1 (High)","233 N MICHIGAN AVE ","CHICAGO","IL","60601","2010-01-11T00:00:00.000","Canvass","Pass","41.886567370886944","-87.62438467059714"
"197208","I LOVE SUSHI","I LOVE SUSHI","1908389","Restaurant","Risk 1 (High)","233 N MICHIGAN AVE ","CHICAGO","IL","60601","2010-01-11T00:00:00.000","Canvass","Pass","41.886567370886944","-87.62438467059714"
"197209","GARRETT'S POPCORN SHOPS","GARRETT'S POPCORN SHOPS","1595847","Restaurant","Risk 2 (Medium)","4 E MADISON ST ","CHICAGO","IL","60602","2010-01-11T00:00:00.000","Complaint","Pass","41.88216118899361","-87.6277179368175"
"197210","DAIRY QUEEN ORANGE JULIUS","DAIRY QUEEN ORANGE JULIUS","1879434","Restaurant","Risk 2 (Medium)","100 W RANDOLPH ST ","CHICAGO","IL","60601","2010-01-11T00:00:00.000","Canvass","Pass w/ Conditions","41.88458626715456","-87.63101044588599"
"197211","DUNKIN DONUTS/BASKIN-ROBBINS","DUNKIN DONUTS/BASKIN-ROBBINS","1380279","Restaurant","Risk 2 (Medium)","100 W RANDOLPH ST ","CHICAGO","IL","60601","2010-01-11T00:00:00.000","Tag Removal","Pass","41.88458626715456","-87.63101044588599"
"54223","SUBWAY","SUBWAY","1909605","Restaurant","Risk 1 (High)","800 N KEDZIE AVE ","CHICAGO","IL","60651","2010-01-12T00:00:00.000","Canvass","Pass","41.89561531354531","-87.70670532510552"
"54224","BEEFEE SUBMARINE INC","BEEFEE SUBMARINE INC","60297","Restaurant","Risk 2 (Medium)","3357 W CHICAGO AVE ","CHICAGO","IL","60651","2010-01-12T00:00:00.000","Canvass","Pass","41.89539877332381","-87.71121630512987"
"54225","LITTLE CAESAR PIZZA","LITTLE CAESAR PIZZA","1868353","Restaurant","Risk 2 (Medium)","800 N KEDZIE AVE ","CHICAGO","IL","60651","2010-01-12T00:00:00.000","Canvass","Pass w/ Conditions","41.89561531354531","-87.70670532510552"
"54226","SEE THRU CHINESE RESTAURANT","SEE THRU CHINESE RESTAURANT","1227055","Restaurant","Risk 1 (High)","800 N KEDZIE AVE ","CHICAGO","IL","60651","2010-01-12T00:00:00.000","Canvass","Pass","41.89561531354531","-87.70670532510552"
"58249","BAGEL ON DAMEN","BAGEL ON DAMEN","2009342","Restaurant","Risk 2 (Medium)","1252 N DAMEN AVE","CHICAGO","IL","60622","2010-01-12T00:00:00.000","License","Fail","41.90488420426394","-87.67745148114881"
"60253","MOROLEON FOODS #2 INC.","MOROLEON FOODS #2","1801622","Grocery Store","Risk 2 (Medium)","4257 S ROCKWELL ST ","CHICAGO","IL","60632","2010-01-12T00:00:00.000","Complaint","Fail","41.81577111582739","-87.68938589725278"
"60254","NEW HAPPY CHOP SUEY","NEW HAPPY CHOP SUEY","1675900","Restaurant","Risk 1 (High)","3901 S CALIFORNIA AVE ","CHICAGO","IL","60632","2010-01-12T00:00:00.000","Canvass","Pass","41.82273507901569","-87.6944843232236"
"67831","INTERNATIONAL FOODS NW INC","INTERNATIONAL FOODS","1129","Grocery Store","Risk 2 (Medium)","4404 W FULLERTON AVE ","CHICAGO","IL","60639","2010-01-12T00:00:00.000","Short Form Complaint","Pass","41.92447263555395","-87.73678950499337"
"67832","DANNYS TACOS #2","DANNYS TACOS #2","1998643","Restaurant","Risk 1 (High)","9220 S COTTAGE GROVE ST BLDG ","CHICAGO","IL","60619","2010-01-12T00:00:00.000","License Re-Inspection","Pass","41.72685341729835","-87.60473617035775"
"67833","Pasteur","Pasteur","24851","School","Risk 1 (High)","5825 S Kostner (4400W) ","CHICAGO","IL","60629","2010-01-12T00:00:00.000","Canvass","Pass","41.786889681301254","-87.7326296227354"
"67834","MELROSE RESTAURANT","MELROSE RESTAURANT","26022","Restaurant","Risk 1 (High)","3233 N BROADWAY ","CHICAGO","IL","60657","2010-01-12T00:00:00.000","Complaint","Fail","41.94108325655228","-87.6442846693907"
"67835","OUR LADY OF LOURDES","OUR LADY OF LOURDES","42575","Daycare (Under 2 Years)","Risk 1 (High)","1449 S KEELER AVE ","CHICAGO","IL","60623","2010-01-12T00:00:00.000","Canvass","Fail","41.861003270876026","-87.72976247742804"
"67836","MAGO'S TAMALES & TAQUERIA","MAGO'S TAMALES & TAQUERIA","1742786","Restaurant","Risk 1 (High)","5714 W FULLERTON AVE ","CHICAGO","IL","60639","2010-01-12T00:00:00.000","Canvass","Pass w/ Conditions","41.92404171376101","-87.76912344172871"
"67837","HORIZON CAFE","HORIZON CAFE","1495171","Restaurant","Risk 1 (High)","3805 N BROADWAY ","CHICAGO","IL","60613","2010-01-12T00:00:00.000","Canvass","Fail","41.951390150873834","-87.64946946794332"
"67838","OUR LADY OF LOURDES","OUR LADY OF LOURDES","42577","Daycare (Under 2 Years)","Risk 1 (High)","1449 S KEELER AVE ","CHICAGO","IL","60623","2010-01-12T00:00:00.000","Canvass","Fail","41.861003270876026","-87.72976247742804"
"67839","KENSINGTON GROCERY","KENSINGTON  CONIVIENCE KORNER MART","2009349","Grocery Store","Risk 3 (Low)","11461 S FRONT AVE BLDG ","CHICAGO","IL","60628","2010-01-12T00:00:00.000","License","Fail","41.685503298571874","-87.61234604720471"
"67840","TONTI ELEMENTARY","TONTI ELEMENTARY","25631","School","Risk 1 (High)","5815 S Homan AVE","CHICAGO","IL","60629","2010-01-12T00:00:00.000","Canvass","Pass","41.78750498738121","-87.70814200720271"
"67842","STAR EAST","STAR EAST","1248852","Restaurant","Risk 1 (High)","5712 W FULLERTON AVE","CHICAGO","IL","60639","2010-01-12T00:00:00.000","Canvass","Pass","41.92404294400852","-87.769032210279"
"67843","JOYS","JOY'S","1677471","Restaurant","Risk 1 (High)","3257-3259 N BROADWAY ","CHICAGO","IL","60657","2010-01-12T00:00:00.000","Canvass","Pass","41.94171290343118","-87.64430633617879"
"67845","TAQUERIA ATOTONILCO","TAQUERIA ATOTONILCO","68542","Restaurant","Risk 1 (High)","5656 S KEDZIE AVE ","CHICAGO","IL","60629","2010-01-12T00:00:00.000","Canvass","Pass","41.79002885691681","-87.7036042882842"
"67846","SHARK","SHARK","1841251","Restaurant","Risk 2 (Medium)","700 E 100TH PL ","CHICAGO","IL","60628","2010-01-12T00:00:00.000","Short Form Complaint","Pass","41.71243329870023","-87.60535893666004"
"67847","CORNER BAKERY CAFE","CORNER BAKERY CAFE","1905110","Restaurant","Risk 1 (High)","444 N MICHIGAN AVE ","CHICAGO","IL","60611","2010-01-12T00:00:00.000","Suspected Food Poisoning","Pass","41.89071448025997","-87.6242698742923"
"67849","LOS TRES HERMANOS","LOS TRES HERMANOS","33449","Grocery Store","Risk 1 (High)","2858 S PULASKI RD ","CHICAGO","IL","60623","2010-01-12T00:00:00.000","Canvass","Pass w/ Conditions","41.838813028693714","-87.72454903278836"
"67850","CYBER TACO","CYBER TACO","2013268","Restaurant","Risk 1 (High)","2018 S BLUE ISLAND AVE ","CHICAGO","IL","60608","2010-01-12T00:00:00.000","License","Fail","41.854569197320025","-87.6641357429427"
"67851","HOMEMADE PIZZA","HOMEMADE PIZZA","1772510","Restaurant","Risk 2 (Medium)","3314 N BROADWAY ","CHICAGO","IL","60657","2010-01-12T00:00:00.000","Canvass","Pass","41.94237824288654","-87.64461813064572"
"67852","SU TAQUERIA EL GALLO BRAVO #4","SU TAQUERIA EL GALLO BRAVO #4","1766968","Restaurant","Risk 1 (High)","5650 W GRAND AVE ","CHICAGO","IL","60639","2010-01-12T00:00:00.000","Complaint Re-Inspection","Pass","41.91922446447527","-87.76773430251839"
"67853","METROPOLITAN FAMILY SERVICES MIDWAY CHILDCARE CENTER","METROPOLITAN FAMILY SERVICES MIDWAY CHILDCARE CENTER","1443260","Daycare Above and Under 2 Years","Risk 1 (High)","3215 W 63RD ST ","CHICAGO","IL","60629","2010-01-12T00:00:00.000","Canvass","Pass","41.7788532281178","-87.70378111914683"
"67854","OLIVIA 'S SEA OF SOUL","OLIVIA'S SEA OF SOUL","2013614","Restaurant","Risk 1 (High)","12750 S HALSTED ST BLDG ","CHICAGO","IL","60628","2010-01-12T00:00:00.000","License","Fail","41.661802384259374","-87.64151909821226"
"67855","CY'S CRABHOUSE & SEAFOOD GRILL","CY'S CRABHOUSE & SEAFOOD GRILL","21449","Restaurant","Risk 1 (High)","3817-3819 N ASHLAND AVE","CHICAGO","IL","60613","2010-01-12T00:00:00.000","Complaint","Fail","41.95118641238087","-87.66882564060083"
"68261","T & T MEXICAN RESTAURANT","T & T MEXICAN RESTAURANT","34396","Restaurant","Risk 1 (High)","8929 S COMMERCIAL AVE","CHICAGO","IL","60617","2010-01-12T00:00:00.000","Canvass","Pass","41.732847079711306","-87.55117614380433"
"68262","OLAMUMMY AFROCENTRIC RESTAURANT","OLAMUMMY AFROCENTRIC RESTAURANT","72269","Restaurant","Risk 1 (High)","8725 S COMMERCIAL AVE ","CHICAGO","IL","60617","2010-01-12T00:00:00.000","Canvass Re-Inspection","Pass","41.73661151916399","-87.5512665268688"
"68263","McDonalds","MC DONALDS","1770419","Restaurant","Risk 2 (Medium)","1951 E 95th ST ","CHICAGO","IL","60617","2010-01-12T00:00:00.000","Short Form Complaint","Pass","41.72235444829322","-87.57577806414749"
"70279","THE GREAT AMERICAN BAGEL","THE GREAT AMERICAN BAGEL","1874859","Restaurant","Risk 1 (High)","4634 N CUMBERLAND AVE ","CHICAGO","IL","60656","2010-01-12T00:00:00.000","Canvass","Pass","41.96405105576206","-87.83683791786916"
"70280","GREAT AMERICAN BAGEL, INC.","GREAT AMERICAN BAGEL, INC.","1768302",,"Risk 1 (High)","4634 N CUMBERLAND AVE ","CHICAGO","IL","60656","2010-01-12T00:00:00.000","Out of Business","Pass","41.96405105576206","-87.83683791786916"
"70281","TAQUERIA AMIGO CHINO","TAQUERIA AMIGO CHINO","1242757","Restaurant","Risk 1 (High)","5601 W IRVING PARK RD ","CHICAGO","IL","60634","2010-01-12T00:00:00.000","Complaint","Pass w/ Conditions","41.95307342441258","-87.76705641473059"
"72235","Delhi Darbar Kabob House","Delhi Darbar Kabob House","2013590","Restaurant","Risk 1 (High)","3010 W Devon AVE ","CHICAGO","IL","60659","2010-01-12T00:00:00.000","License Re-Inspection","Pass","41.99757606083328","-87.70500110804562"
"72236","INDIAN GOURMET","INDIAN GOURMET","1742195",,"Risk 1 (High)","2916 1/2 W DEVON AVE ","CHICAGO","IL","60659","2010-01-12T00:00:00.000","Canvass","Fail","41.997614065860645","-87.70281474950835"
"74264","El Cafetal Del Tio Corp","MI CAFETRAL RESTAURANT","1998021","Restaurant","Risk 1 (High)","1519 W 18 TH ST ","CHICAGO","IL","60608","2010-01-12T00:00:00.000","License","Pass","41.8577138739859","-87.66454238198166"
"74265","MI CAFETAL","MI CAFETAL","1426104",,"Risk 1 (High)","1519 W 18TH ST ","CHICAGO","IL","60608","2010-01-12T00:00:00.000","Out of Business","Fail","41.8577138739859","-87.66454238198166"
"74266","LOS JASMINES","LOS JASMINES","1473110",,"Risk 3 (Low)","1100 W 18TH ST ","CHICAGO","IL","60608","2010-01-12T00:00:00.000","Out of Business","Fail","41.85810623692298","-87.6534630311116"
"74267","Los Jazmines","LOS JAZMINES","2009462","Grocery Store","Risk 2 (Medium)","1100 W 18th ST ","CHICAGO","IL","60608","2010-01-12T00:00:00.000","License","Fail","41.85810623692298","-87.6534630311116"
"80216","JEWEL FOOD STORE #3407","JEWEL FOOD STORE","1394","Grocery Store","Risk 1 (High)","5516 N CLARK ST ","CHICAGO","IL","60640","2010-01-12T00:00:00.000","Short Form Complaint","Pass","41.98218988461361","-87.66865162796088"
"80217","8 EIGHTY EIGHT",,"2009067","Grocery Store","Risk 3 (Low)","1976 W LAWRENCE AVE ","CHICAGO","IL","60640","2010-01-12T00:00:00.000","License Re-Inspection","Pass","41.968866898343286","-87.67911370027275"
"88211","Starbucks Coffee #2445","Starbucks Coffee","1043368","Restaurant","Risk 2 (Medium)","1052-1070 W BRYN MAWR AVE ","CHICAGO","IL","60660","2010-01-12T00:00:00.000","Complaint","Pass","41.9837803795335","-87.65731095408496"
"88213","HONG KONG BUFFET CORPORATION","HONG KONG BUFFET","1273946","Restaurant","Risk 1 (High)","6249 N MCCORMICK RD ","CHICAGO","IL","60659","2010-01-12T00:00:00.000","Consultation","Pass","41.995440602185084","-87.71291737890452"
"96258","JB BRANDY'S","JB BRANDY'S","1698237","Restaurant","Risk 1 (High)","5200 S CICERO AVE ","CHICAGO","IL","60638","2010-01-12T00:00:00.000","Canvass","Pass","41.798558278193305","-87.74307186616427"
"96259","HONEYBAKED HAM","HONEYBAKED HAM","33130","Restaurant","Risk 1 (High)","8159 S CICERO AVE ","CHICAGO","IL","60652","2010-01-12T00:00:00.000","Canvass","Pass","41.74408055109942","-87.74103846128409"
"96260","K FOOD & LIQUOR","K FOOD & LIQUOR","2002779","Grocery Store","Risk 3 (Low)","1156 W 63RD ST ","CHICAGO","IL","60621","2010-01-12T00:00:00.000","License-Task Force","Fail","41.77971938435299","-87.65435877379359"
"96261","K FOOD & LIQUOR","K FOOD & LIQUOR","2002780","Grocery Store","Risk 3 (Low)","1156 W 63RD ST ","CHICAGO","IL","60621","2010-01-12T00:00:00.000","License-Task Force","Fail","41.77971938435299","-87.65435877379359"
"96262","D'ANARDO","D'ANARDO","16516","Restaurant","Risk 1 (High)","6535 W 63RD ST ","CHICAGO","IL","60638","2010-01-12T00:00:00.000","Canvass","Pass","41.777509797762576","-87.78514577168241"
"98329","MANGO'S BAR &GRILL OF CHICAGO","MANGO'S","2009049","Liquor","Risk 3 (Low)","2828 N MILWAUKEE AVE BLDG ","CHICAGO","IL","60618","2010-01-12T00:00:00.000","License-Task Force","Fail","41.932577186227284","-87.71339003799741"
"98331","LADYBUG BOOK CAFE",,"1975195","Liquor","Risk 3 (Low)","2903 W IRVING PARK RD ","CHICAGO","IL","60618","2010-01-12T00:00:00.000","License Re-Inspection","Pass","41.95385151159909","-87.70083501928669"
"98332","THE FAMOUS TACO BURRITO KING","THE FAMOUS TACO BURRITO KING","61711","Restaurant","Risk 1 (High)","2817 W IRVING PARK RD","CHICAGO","IL","60618","2010-01-12T00:00:00.000","Complaint","Fail","41.95386007838853","-87.69897789775638"
"98333","WINDY CITY, INN","WINDY CITY INN","47870","Restaurant","Risk 2 (Medium)","2255-2257 W IRVING PARK RD ","CHICAGO","IL","60618","2010-01-12T00:00:00.000","Tag Removal","Pass","41.95394237168946","-87.68581019750351"
"98334","TASTY HOUSE ll","TASTY HOUSE ll","1991101","Restaurant","Risk 1 (High)","3533 N WESTERN AVE ","CHICAGO","IL","60618","2010-01-12T00:00:00.000","Canvass","Pass","41.94591210546262","-87.68808803317516"
"104243","TEMPO CAFE","TEMPO CAFE","80916","Restaurant","Risk 1 (High)","6 E CHESTNUT ST ","CHICAGO","IL","60611","2010-01-12T00:00:00.000","Canvass Re-Inspection","Pass","41.89843137207629","-87.6280091630558"
"114271","ROSEBUD TRATTORIA","ROSEBUD TRATTORIA","1542362","Restaurant","Risk 1 (High)","445 N DEARBORN ST ","CHICAGO","IL","60654","2010-01-12T00:00:00.000","Canvass","Pass w/ Conditions","41.890581105655016","-87.62947502886496"
"114272","KEEFER'S KAFFE","KEEFER'S KAFFE","1244937","Restaurant","Risk 1 (High)","20 W KINZIE ST ","CHICAGO","IL","60654","2010-01-12T00:00:00.000","Canvass","Pass","41.889352033013864","-87.62884885027287"
"114273","KEEFER'S RESTAURANT","KEEFER'S RESTAURANT","1166762","Restaurant","Risk 1 (High)","20 W KINZIE ST ","CHICAGO","IL","60654","2010-01-12T00:00:00.000","Canvass","Pass","41.889352033013864","-87.62884885027287"
"118306","WHITE CASTLE #64","WHITE CASTLE","28472","Restaurant","Risk 2 (Medium)","3457 S DR MARTIN LUTHER KING JR DR ","CHICAGO","IL","60616","2010-01-12T00:00:00.000","Short Form Complaint","Pass","41.83163990373318","-87.61682735686699"
"118307","GREENLEAF FOOD MART, INC.","GREENLEAF FOOD MART, INC.","1964371","Grocery Store","Risk 1 (High)","1619 S MICHIGAN AVE ","CHICAGO","IL","60616","2010-01-12T00:00:00.000","Complaint","Pass w/ Conditions","41.859697626140715","-87.62382786533588"
"118308","MAXWELL STREET DEPOT INC.","MAXWELL STREET DEPOT INC.","18135","Restaurant","Risk 2 (Medium)","411 W 31ST ST ","CHICAGO","IL","60616","2010-01-12T00:00:00.000","Complaint Re-Inspection","Pass","41.838059998694526","-87.63665958710676"
"120287","INTERCULTURAL MONTESSORI LANGUAGE SCHOOL","INTERCULTURAL MONTESSORI LANGUAGE SCHOOL","2004035","Children's Services Facility","Risk 1 (High)","114 S RACINE AVE ","CHICAGO","IL","60607","2010-01-12T00:00:00.000","License","Fail","41.87984160939149","-87.65723162539508"
"124267","HALA IN","HALA IN","2013241","Restaurant","Risk 1 (High)","4624 W LAWRENCE AVE ","CHICAGO","IL","60630","2010-01-12T00:00:00.000","License Re-Inspection","Pass","41.96818122048353","-87.74393394673731"
"124269","NICK'S MEAT CORP.","NICK'S MEAT MARKET","1914680","Grocery Store","Risk 1 (High)","4410 N MILWAUKEE AVE ","CHICAGO","IL","60630","2010-01-12T00:00:00.000","Canvass","Pass","41.960889491123275","-87.75487389098811"
"124270","EXCELSIOR GARDEN","EXCELSIOR GARDEN","1335894","Restaurant","Risk 1 (High)","4855 N MILWAUKEE AVE","CHICAGO","IL","60630","2010-01-12T00:00:00.000","Canvass","Pass","41.96931524329954","-87.76182025540278"
"134253","RICHARD YATES ELEMENTARY SCHOOL","YATES ELEMENTARY SCHOOL","2112653","School","Risk 1 (High)","1839 N RICHMOND AVE ","CHICAGO","IL","60647","2010-01-12T00:00:00.000","Canvass","Pass","41.915028583238914","-87.70024324273244"
"134254","THAI LAGOON RESTAURANT","THAI LAGOON RESTAURANT","48364","Restaurant","Risk 1 (High)","2322 W NORTH AVE ","CHICAGO","IL","60647","2010-01-12T00:00:00.000","Suspected Food Poisoning","Fail","41.91045086472163","-87.68577178122376"
"150209","YSABEL'S FILIPINO CUISINE","YSABEL'S GRILL ASIAN CUISINE","2013419","Restaurant","Risk 1 (High)","4908 W Irving Park RD ","CHICAGO","IL","60641","2010-01-12T00:00:00.000","License Re-Inspection","Pass","41.953485015058135","-87.750248227467"
"150210","SUBWAY","SUBWAY","1193767","Restaurant","Risk 1 (High)","6352 N MILWAUKEE AVE ","CHICAGO","IL","60646","2010-01-12T00:00:00.000","Canvass","Pass","41.99644717759783","-87.78720723090356"
"150211","Subway Sandwiches & Salads","Subway","2013950","Restaurant","Risk 1 (High)","6352 N Milwaukee AVE ","CHICAGO","IL","60646","2010-01-12T00:00:00.000","Not Ready","Fail","41.99644717759783","-87.78720723090356"
"150212","TULCINGO  PLAZA","TULCINGO PLAZA","2003608","Grocery Store","Risk 3 (Low)","4038 N PULASKI RD ","CHICAGO","IL","60641","2010-01-12T00:00:00.000","License","Fail","41.954815177189246","-87.72779753099908"
"154231","DIRK FISH & GOURMET SHOP INC","DIRK FISH & GOURMET SHOP","1334155","Grocery Store","Risk 1 (High)","2070 N CLYBOURN AVE ","CHICAGO","IL","60614","2010-01-12T00:00:00.000","Canvass","Pass","41.91893142402569","-87.66089421708655"
"154232","CAGNEY'S","CAGNEY'S","1622089","Restaurant","Risk 1 (High)","2142 N CLYBOURN AVE ","CHICAGO","IL","60614","2010-01-12T00:00:00.000","Canvass","Pass","41.920080499210265","-87.66248016891137"
"154233","PEQUOD'S PIZZA","PEQUOD'S PIZZA","1963277","Restaurant","Risk 1 (High)","2207 N CLYBOURN AVE ","CHICAGO","IL","60614","2010-01-12T00:00:00.000","Canvass","Pass","41.92185083829164","-87.66451630736967"
"158255","WHITE CASTLE #54","WHITE CASTLE #54","28480","Restaurant","Risk 2 (Medium)","3205 S ASHLAND AVE ","CHICAGO","IL","60608","2010-01-12T00:00:00.000","Short Form Complaint","Pass w/ Conditions","41.835340520817745","-87.66553736169561"
"158256","POPEYES CHICKEN","POPEYES CHICKEN","41230","Restaurant","Risk 1 (High)","3204 S ASHLAND AVE ","CHICAGO","IL","60608","2010-01-12T00:00:00.000","Complaint","Pass","41.8353362239431","-87.66583085901608"
"160213","PITA GRILL","PITA GRILL","1975736","Restaurant","Risk 1 (High)","1241 N CLYBOURN AVE ","CHICAGO","IL","60610","2010-01-12T00:00:00.000","Short Form Complaint","Pass","41.90470531946775","-87.64065915465589"
"160214","EMPIRE RESTAURANT","EMPIRE RESTAURANT","39836","Restaurant","Risk 1 (High)","49 W DIVISION ST ","CHICAGO","IL","60610","2010-01-12T00:00:00.000","Short Form Complaint","Pass w/ Conditions","41.90380743789834","-87.63049359166655"
"164264","MCDONALD'S","MCDONALD'S","1874347","Restaurant","Risk 2 (Medium)","6515 S WESTERN AVE ","CHICAGO","IL","60636","2010-01-12T00:00:00.000","Short Form Complaint","Pass","41.775116565908775","-87.68338583887078"
"164265","DIP & FLIP","DIP & FLIP","1970191","Restaurant","Risk 2 (Medium)","6510 S WESTERN AVE ","CHICAGO","IL","60636","2010-01-12T00:00:00.000","Short Form Complaint","Fail","41.77522424801544","-87.6836824965625"
"164266","SNAPPER STEAK & LEMONADE","SNAPPER STEAK & LEMONADE","1998743","Restaurant","Risk 2 (Medium)","1951 W GARFIELD BLVD ","CHICAGO","IL","60636","2010-01-12T00:00:00.000","Complaint","Pass w/ Conditions","41.79344424639706","-87.67388412644283"
"164267","IONA'S BEVERLY HILLS CAFE","IONA'S BEVERLY HILLS CAFE","2008699","Restaurant","Risk 1 (High)","1767 W 95TH ST ","CHICAGO","IL","60643","2010-01-12T00:00:00.000","License Re-Inspection","Pass","41.721038458771744","-87.6673976804851"
"193207","MAXWELL'S CHARCOAL GRILL","MAXWELL'S CHARCOAL GRILL","2013570","Restaurant","Risk 2 (Medium)","119 E 75TH ST ","CHICAGO","IL","60619","2010-01-12T00:00:00.000","License","Pass","41.75819780166309","-87.62068479659459"
"197212","DUNKIN DOUNUTS / BASKIN ROBINS","DUNKIN DONUTS / BASKIN ROBINS","1648477","Restaurant","Risk 2 (Medium)","75 E WASHINGTON ST ","CHICAGO","IL","60602","2010-01-12T00:00:00.000","Short Form Complaint","Pass","41.883115221384855","-87.62517250873418"
"197213","THE GRILLROOM","THE GRILLROOM","80814","Restaurant","Risk 1 (High)","33 W MONROE ST ","CHICAGO","IL","60603","2010-01-12T00:00:00.000","Canvass","Fail","41.880616005740066","-87.62904942471995"
"48216","Hanson Park","Hanson Park","24461","School","Risk 1 (High)","5411 W Fullerton AVE ","CHICAGO","IL","60639","2010-01-13T00:00:00.000","Canvass","Pass","41.92392770522664","-87.76152094466592"
"48217","Hanson Park Branch","Hanson Park Branch","24462","School","Risk 1 (High)","2318 N Lorel ST ","CHICAGO","IL","60639","2010-01-13T00:00:00.000","Canvass","Pass","41.922831144138776","-87.75994374773492"
"48218","CIELITO LINDO RESTAURANT INC","CIELITO LINDO RESTAURANT INC","1336088","Restaurant","Risk 1 (High)","5344 W FULLERTON AVE ","CHICAGO","IL","60639","2010-01-13T00:00:00.000","Canvass","Pass","41.92416135745671","-87.76045393873316"
"54227","SUBWAY","SUBWAY","1986621","Restaurant","Risk 1 (High)","5619 W DIVISION ST ","CHICAGO","IL","60651","2010-01-13T00:00:00.000","Canvass","Pass","41.90202229884521","-87.76641276925565"
"54228","CAPTAIN HOOKS FISH & CHICKEN","FIREHOUSE STEAK AND LEMONADE","1922193","Restaurant","Risk 2 (Medium)","5601 W DIVISION ST ","CHICAGO","IL","60651","2010-01-13T00:00:00.000","Canvass","Fail","41.902034028775596","-87.76571210902458"
"58250","Von Humboldt","Von Humboldt","25691","School","Risk 1 (High)","2620 W Hirsch ST","CHICAGO","IL","60622","2010-01-13T00:00:00.000","Canvass","Pass","41.9067221580456","-87.69300324803012"
"58251","PODHALANKA RESTAURANT","PODHALANKA RESTAURANT","10559","Restaurant","Risk 1 (High)","1549 W DIVISION ST ","CHICAGO","IL","60642","2010-01-13T00:00:00.000","Canvass Re-Inspection","Pass","41.90324286545451","-87.66706204782344"
"58252","JAM","JAM","1979195","Restaurant","Risk 1 (High)","937-939 N DAMEN AVE ","CHICAGO","IL","60622","2010-01-13T00:00:00.000","Complaint","Pass w/ Conditions","41.89886801783141","-87.67698934844901"
"58253","JUKIN '  PIZZA","JUKIN '  PIZZA","1618939",,"Risk 1 (High)","2640 W CHICAGO AVE ","CHICAGO","IL","60622","2010-01-13T00:00:00.000","Out of Business","Pass","41.89578616153153","-87.69342745531497"
"58254","HOLE IN ONE PIZZA","HOLE IN ONE PIZZA","1225184",,"Risk 1 (High)","2640 W CHICAGO AVE ","CHICAGO","IL","60622","2010-01-13T00:00:00.000","Out of Business","Pass","41.89578616153153","-87.69342745531497"
"58255","HOLE-IN-ONE-PIZZA","HOLE-IN-ONE-PIZZA","66812",,"Risk 1 (High)","2640 W CHICAGO AVE ","CHICAGO","IL","60622","2010-01-13T00:00:00.000","Out of Business","Pass","41.89578616153153","-87.69342745531497"
"58256","TACO EL JALICIENSE","TACO EL JALICIENSE","1478565","Restaurant","Risk 1 (High)","2859 W CHICAGO AVE ","CHICAGO","IL","60622","2010-01-13T00:00:00.000","Canvass","Pass","41.895527077955165","-87.69909818297548"
"60255","SUPERMERCADO EL GUERO #10 INC","SUPERMERCADO EL GUERO #10 INC","39978","Grocery Store","Risk 1 (High)","4023 S ARCHER AVE ","CHICAGO","IL","60632","2010-01-13T00:00:00.000","Suspected Food Poisoning","Pass","41.82058304065872","-87.69342616596236"
"60256","THE SUBMARINE PIER INC.","THE SUBMARINE PIER","1092597","Restaurant","Risk 1 (High)","4048 S ARCHER AVE ","CHICAGO","IL","60632","2010-01-13T00:00:00.000","Canvass","Fail","41.82014352448864","-87.69460124111095"
"60257","TIERRA CALIENTE INC","TIERRA CALIENTE","35999","Restaurant","Risk 1 (High)","4070 S ARCHER AVE ","CHICAGO","IL","60632","2010-01-13T00:00:00.000","Canvass","Pass w/ Conditions","41.81969676211443","-87.69533211344603"
"67857","MONTESSORI ACDY. INFT/TOD. CNT","MONTESSORI ACDY. INFT/TOD. CNT","47676","Daycare Above and Under 2 Years","Risk 1 (High)","10232-10234 S HALSTED ST ","CHICAGO","IL","60628","2010-01-13T00:00:00.000","License","Pass","41.70774046981763","-87.64300283870763"
"67858","BASS ELEMENTARY SCHOOL","BASS ELEMENTARY SCHOOL","22161","School","Risk 1 (High)","1140 W 66TH ST ","CHICAGO","IL","60621","2010-01-13T00:00:00.000","Canvass","Pass","41.77427376835584","-87.65354234344035"
"67859","MONTESSORI ACDY. INFT/TOD. CNT","MONTESSORI ACDY. INFT/TOD. CNT","47677","Daycare Above and Under 2 Years","Risk 1 (High)","10232-10234 S HALSTED ST ","CHICAGO","IL","60628","2010-01-13T00:00:00.000","License","Pass","41.70774046981763","-87.64300283870763"
"67860","MCDONALD'S #490","MCDONALD'S #490","81721","Restaurant","Risk 2 (Medium)","10320 S KEDZIE AVE ","CHICAGO","IL","60655","2010-01-13T00:00:00.000","Complaint Re-Inspection","Pass","41.70552029655878","-87.70145804220182"
"67861","PHILLY'S BEST","PHILLY'S BEST","1520673","Restaurant","Risk 1 (High)","907 W BELMONT AVE ","CHICAGO","IL","60657","2010-01-13T00:00:00.000","Canvass Re-Inspection","Pass","41.939834292931025","-87.6518824218835"
"67862","EMILIANO ZAPATA ACADEMY","EMILIANO ZAPATA ACADEMY","23611","School","Risk 1 (High)","2728 S Kostner ","CHICAGO","IL","60623","2010-01-13T00:00:00.000","Canvass","Pass","41.84139181319981","-87.73434996970693"
"67863","ANGIE'S","ANGIE'S","1619627","Restaurant","Risk 1 (High)","8352 S PULASKI RD ","CHICAGO","IL","60652","2010-01-13T00:00:00.000","Canvass","Pass","41.74056837192125","-87.7217734812376"
"67864","FLORENCE FOSTER INFANT TODDLER","FLORENCE FOSTER INFANT TODDLER","34388","Daycare (Under 2 Years)","Risk 1 (High)","555 W 115TH ST ","CHICAGO","IL","60628","2010-01-13T00:00:00.000","License","Fail","41.6850358434224","-87.63708265986891"
"67865","GUGGENHEIM ELEMENTARY","GUGGENHEIM ELEMENTARY","26311","School","Risk 1 (High)","7141 S Morgan (1000W) ST ","CHICAGO","IL","60621","2010-01-13T00:00:00.000","Canvass","Fail",,
"67866","BIBIM BOWL","BIBIM BOWL","2013910","Restaurant","Risk 1 (High)","3952 N SHERIDAN RD ","CHICAGO","IL","60613","2010-01-13T00:00:00.000","License","Fail","41.95427746181071","-87.65468607461881"
"67867","CHEN'S CHINESE RESTAURANT","CHEN'S CHINESE RESTAURANT","1680612","Restaurant","Risk 1 (High)","2558 S SPRINGFIELD AVE ","CHICAGO","IL","60623","2010-01-13T00:00:00.000","Canvass","Pass w/ Conditions","41.84437331855469","-87.72226066739131"
"67868","CHEESIES PUB & GRUB","CHEESIES PUB & GRUB","70566","Restaurant","Risk 1 (High)","958 W BELMONT AVE ","CHICAGO","IL","60657","2010-01-13T00:00:00.000","Canvass","Pass w/ Conditions","41.94002723561704","-87.65373272685191"
"67871","Azha Restaurant Inc.","Azha Restaurant","1334073","Restaurant","Risk 1 (High)","960 W BELMONT AVE ","CHICAGO","IL","60657","2010-01-13T00:00:00.000","Canvass","Fail","41.94002687624888","-87.65381102535457"
"67872","BONNIE'S","BONNIE'S","36324","Restaurant","Risk 1 (High)","3601 W 26TH ST ","CHICAGO","IL","60623","2010-01-13T00:00:00.000","Canvass","Pass","41.84427443909553","-87.71484460745455"
"67897","CATHERINE COOK SCHOOL","CATHERINE COOK SCHOOL","25212","School","Risk 1 (High)","226 W SCHILLER ST ","CHICAGO","IL","60610","2010-01-13T00:00:00.000","License","Fail","41.90775713038418","-87.63572939840577"
"67898","CVS/PHARMACY #2981","CVS/PHARMACY #2981","1473390","Grocery Store","Risk 3 (Low)","1201 N STATE PKWY","CHICAGO","IL","60610","2010-01-13T00:00:00.000","Complaint","Fail","41.90398663767977","-87.62853057119635"
"67949","TERRY'S FOOD MART, INC.","TERRY'S FOOD MART, INC.","1820292","Grocery Store","Risk 2 (Medium)","1401 N ORLEANS ST ","CHICAGO","IL","60610","2010-01-13T00:00:00.000","Canvass","Pass w/ Conditions","41.90770710177844","-87.6373750389684"
"70282","S & L ENTERPRISES L T D","S & L ENTERPRISES L T D","27251","Restaurant","Risk 1 (High)","5454 N HARLEM AVE ","CHICAGO","IL","60656","2010-01-13T00:00:00.000","Canvass","Pass w/ Conditions","41.979836274250594","-87.8071274172471"
"70283","MR K'S RESTAURANT","MR K'S RESTAURANT","7935",,"Risk 1 (High)","5415 N HARLEM AVE ","CHICAGO","IL","60656","2010-01-13T00:00:00.000","Out of Business","Pass","41.97962304936501","-87.80683472215301"
"70284","FRIED RICE EXPRESS","FRIED RICE EXPRESS","1649319",,"Risk 1 (High)","7108 W HIGGINS AVE ","CHICAGO","IL","60656","2010-01-13T00:00:00.000","Out of Business","Pass","41.98080501735688","-87.80502338256188"
"70285","FRIED RICE EXPRESS","FRIED RICE EXPRESS","1874193",,"Risk 1 (High)","7108 W HIGGINS AVE ","CHICAGO","IL","60656","2010-01-13T00:00:00.000","Out of Business","Pass","41.98080501735688","-87.80502338256188"
"70286","FRIED RICE EXPRESS","FRIED RICE EXPRESS","1985237","Restaurant","Risk 1 (High)","7108 W HIGGINS AVE ","CHICAGO","IL","60656","2010-01-13T00:00:00.000","Canvass","Pass","41.98080501735688","-87.80502338256188"
"72237","MCDONALDS","MCDONALDS","51011","Restaurant","Risk 2 (Medium)","1004 W WILSON AVE ","CHICAGO","IL","60640","2010-01-13T00:00:00.000","Complaint","Fail","41.965537226618295","-87.65502740724979"
"78253","DEVELOPMENTAL INSTITUTE INC","DEVELOPMENTAL INSTITUTE INC","8062","Daycare (2 - 6 Years)","Risk 1 (High)","7037 S STONY ISLAND AVE ","CHICAGO","IL","60649","2010-01-13T00:00:00.000","Canvass","Pass","41.76683033051137","-87.58579397948077"
"78254","DEVELOPMENTAL INSTITUTE INC","DEVELOPMENTAL INSTITUTE INC","8063","Daycare (2 - 6 Years)","Risk 1 (High)","7037 S STONY ISLAND AVE ","CHICAGO","IL","60649","2010-01-13T00:00:00.000","Canvass","Pass","41.76683033051137","-87.58579397948077"
"78255","KFC","KFC/LONG JOHN SILVER","1573049","Restaurant","Risk 2 (Medium)","7455 S STONY ISLAND AVE ","CHICAGO","IL","60649","2010-01-13T00:00:00.000","Short Form Complaint","Pass","41.75894145680165","-87.58559548272778"
"88214","TAQUERIA EL CHORRITO","TAQUERIA EL CHORRITO","1303855","Restaurant","Risk 1 (High)","6404 N CLARK ST ","CHICAGO","IL","60626","2010-01-13T00:00:00.000","Complaint","Pass","41.99820080781414","-87.67078847967606"
"88215","INDIE CAFE","INDIE  CAFE","1893492","Restaurant","Risk 1 (High)","5951-5953 N BROADWAY ","CHICAGO","IL","60660","2010-01-13T00:00:00.000","Complaint","Pass","41.990520089587605","-87.6601359073641"
"96263","SAMMYS COUNTRY KITCHEN","SAMMYS COUNTRY KITCHEN","83069","Restaurant","Risk 1 (High)","5542 W 55TH ST ","CHICAGO","IL","60638","2010-01-13T00:00:00.000","Canvass","Pass","41.792856764863906","-87.76157024958204"
"104244","C N D GYROS & LOUNGE INC","C N D GYROS & LOUNGE INC","13203","Restaurant","Risk 1 (High)","205 E GRAND AVE ","CHICAGO","IL","60611","2010-01-13T00:00:00.000","Canvass","Pass","41.8916548227943","-87.62244390252849"
"114274","AMALFI HOTEL","EMPLOYEES CAFETERIA","1845847","Restaurant","Risk 1 (High)","20 W KINZIE ST ","CHICAGO","IL","60654","2010-01-13T00:00:00.000","Canvass","Pass","41.889352033013864","-87.62884885027287"
"114275","INDIA HOUSE","INDIA HOUSE","1379248","Restaurant","Risk 1 (High)","59 W GRAND AVE ","CHICAGO","IL","60610","2010-01-13T00:00:00.000","Canvass","Pass","41.891527574142366","-87.63034188036501"
"114276","LAMADIA - ART OF PIZZA, LOVE OF WINE","LAMADIA - ART OF PIZZA, LOVE OF WINE","1821067","Restaurant","Risk 1 (High)","59 W GRAND AVE ","CHICAGO","IL","60610","2010-01-13T00:00:00.000","Canvass","Pass","41.891527574142366","-87.63034188036501"
"118309","HALSTED FOODS","HALSTED FOODS","1842450","Grocery Store","Risk 2 (Medium)","3418 S HALSTED ST ","CHICAGO","IL","60608","2010-01-13T00:00:00.000","Complaint Re-Inspection","Pass","41.83214360513917","-87.64628396417302"
"118310","GREAT TASTE HOUSE","GREAT TASTE HOUSE","2003087","Restaurant","Risk 1 (High)","2342 S WENTWORTH AVE ","CHICAGO","IL","60616","2010-01-13T00:00:00.000","Tag Removal","Pass","41.84970609049626","-87.63208955920663"
"118311","THE NOODLE VIETNAMESE CUISINE","THE NOODLE VIETNAMESE CUISINE","1228229","Restaurant","Risk 1 (High)","2336 S WENTWORTH AVE ","CHICAGO","IL","60616","2010-01-13T00:00:00.000","Canvass","Pass w/ Conditions","41.84989156785116","-87.63209186010796"
"118312","SEVEN TREASURES","SEVEN TREASURES","6231","Restaurant","Risk 1 (High)","2312 S WENTWORTH AVE ","CHICAGO","IL","60616","2010-01-13T00:00:00.000","Complaint Re-Inspection","Pass","41.850556411576726","-87.63211141670075"
"120288","EL CUBANO WHLSE MEAT INC","EL CUBANO WHLSE MEAT INC","1123544","Wholesale","Risk 2 (Medium)","926 W FULTON MARKET ","CHICAGO","IL","60607","2010-01-13T00:00:00.000","Complaint","Pass","41.88686665645442","-87.65087593435203"
"120289","IZUMI SUSHI BAR & RESTAURANT","IZUMI SUSHI BAR & RESTAURANT","1357260","Restaurant","Risk 1 (High)","731 W RANDOLPH ST ","CHICAGO","IL","60661","2010-01-13T00:00:00.000","Complaint Re-Inspection","Pass","41.884300945480696","-87.64695273829979"
"120290","POLK STREET CO.","POLK STREET CO.","29507","Restaurant","Risk 1 (High)","548 W POLK ST ","CHICAGO","IL","60607","2010-01-13T00:00:00.000","Canvass Re-Inspection","Pass","41.87211261426958","-87.64130525460628"
"124271","SUBWAY","SUBWAY","1492416","Restaurant","Risk 1 (High)","4861 N MILWAUKEE AVE ","CHICAGO","IL","60630","2010-01-13T00:00:00.000","Canvass","Pass","41.96943371097306","-87.76192063095439"
"124272","PATERNO'S PIZZA","PATERNO'S PIZZA","36411","Restaurant","Risk 1 (High)","5303 N MILWAUKEE AVE ","CHICAGO","IL","60630","2010-01-13T00:00:00.000","Canvass Re-Inspection","Pass","41.97674883897886","-87.76848375312518"
"124273","GRAND FOOD MART","GRAND FOOD MART","41311",,"Risk 3 (Low)","5002 N PULASKI RD ","CHICAGO","IL","60630","2010-01-13T00:00:00.000","Out of Business","Pass","41.97203103694431","-87.72828227054897"
"134255","DUNKIN DONUTS","DUNKIN DONUTS","1822416","Restaurant","Risk 2 (Medium)","2565 W FULLERTON AVE","CHICAGO","IL","60647","2010-01-13T00:00:00.000","Canvass","Pass","41.92474575463741","-87.6923909838852"
"134256","BORNIQUEN RESTAURANT","BORNIQUEN RESTAURANT","32942","Restaurant","Risk 1 (High)","1720 N CALIFORNIA AVE ","CHICAGO","IL","60647","2010-01-13T00:00:00.000","Complaint Re-Inspection","Pass","41.912691923355744","-87.69720455176802"
"134257","JAY'S BEEF OF CHICAGO, INC.","JAY'S BEEF OF CHICAGO, INC.","1766631","Restaurant","Risk 1 (High)","2255 W NORTH AVE ","CHICAGO","IL","60647","2010-01-13T00:00:00.000","Canvass","Pass","41.91025077942198","-87.68454945802267"
"150213","LA VILLA","LA VILLA","34338","Restaurant","Risk 1 (High)","3632 N PULASKI RD ","CHICAGO","IL","60641","2010-01-13T00:00:00.000","Complaint","Pass","41.94738145671126","-87.72757688336624"
"154234","LINCOLN PARK'S NOODLE HOUSE","LINCOLN PARK'S NOODLE HOUSE","1355934","Restaurant","Risk 1 (High)","2428 N ASHLAND AVE ","CHICAGO","IL","60614","2010-01-13T00:00:00.000","Canvass","Pass","41.92609902575773","-87.66832529088708"
"154235","THE GREEN DOLPHIN","THE GREEN DOLPHIN","1044029","Restaurant","Risk 3 (Low)","2200 N ASHLAND AVE","CHICAGO","IL","60614","2010-01-13T00:00:00.000","Canvass","Fail","41.92158491136849","-87.66877310760022"
"158257","THUNDERBIRD - ARROYO","THUNDERBIRD - ARROYO TRUCK #","2013651","Mobile Food Dispenser","Risk 3 (Low)","1204 W 36TH PL ","CHICAGO","IL","60609","2010-01-13T00:00:00.000","License","Pass","41.82809412610231","-87.65585369468056"
"158258","THUNDERBIRD - ARROYO","THUNDERBIRD - ARROYO TRUCK #","1491486","Mobile Food Dispenser","Risk 3 (Low)","1204 W 36TH PL ","CHICAGO","IL","60609","2010-01-13T00:00:00.000","Out of Business","Fail","41.82809412610231","-87.65585369468056"
"158259","THUNDERBIRD - ARROYO","THUNDERBIRD - ARROYO TRUCK #","1577984","Mobile Food Dispenser","Risk 3 (Low)","1204 W 36TH PL ","CHICAGO","IL","60609","2010-01-13T00:00:00.000","Out of Business","Fail","41.82809412610231","-87.65585369468056"
"158260","SCOTT'S HAMBURGER HEAVEN","SCOTT'S HAMBURGER HEAVEN","1821087","Restaurant","Risk 1 (High)","1546 W 35TH ST ","CHICAGO","IL","60609","2010-01-13T00:00:00.000","Canvass","Fail","41.830619099685535","-87.66498111376346"
"158261","WISHCO, INC.","WISHCO, INC.","82432",,"Risk 1 (High)","1546 W 35TH ST ","CHICAGO","IL","60609","2010-01-13T00:00:00.000","Out of Business","Fail","41.830619099685535","-87.66498111376346"
"158262","WISHCO, INC.","WISHCO, INC.","1123556",,"Risk 3 (Low)","1546 W 35TH ST ","CHICAGO","IL","60609","2010-01-13T00:00:00.000","Out of Business","Fail","41.830619099685535","-87.66498111376346"
"164268","SUPER DOG'S SUBMARINES INC","SUPER DOG'S SUBMARINES INC","2008759","Restaurant","Risk 2 (Medium)","1442 W 103RD ST ","CHICAGO","IL","60643","2010-01-13T00:00:00.000","License Re-Inspection","Pass","41.70685163282266","-87.65894640986417"
